transactionid,saledate,customerid,productid,storeid,campaignid,saleamount($),transactiontimeminutes
1,1/9/2025,1020,2023,401,0,643.02,29
2,7/10/2024,1034,2091,404,2,529.24,8
3,3/22/2025,1087,2035,403,3,4313.72,8
5,4/21/2025,1049,2005,402,0,1739.64,18
6,10/30/2024,1093,2054,402,0,1270.12,13
7,2/20/2025,1005,2097,402,0,644.45,17
8,10/5/2024,1054,2072,403,3,1833.37,5
9,11/22/2024,1063,2068,403,3,828.83,4
10,8/30/2024,1130,2096,401,1,1594.55,11
11,11/11/2024,1005,2059,403,0,273.38,23
12,4/21/2025,1196,2014,403,3,0,10
13,2/16/2025,1128,2064,401,2,1039.94,4
14,8/22/2024,1041,2099,401,3,1861.74,27
15,4/19/2025,1078,2035,401,3,4900.93,12
16,12/11/2024,1032,2021,403,3,1861.38,7
17,3/2/2025,1182,2040,404,3,41.46,21
18,10/14/2024,1058,2000,401,0,1815.57,22
19,4/12/2025,1071,2091,402,3,2628.38,5
20,11/7/2024,1005,2052,404,0,1969.12,30
21,7/12/2024,1086,2013,402,3,1325.7,29
23,5/21/2025,1060,2091,404,3,1240.87,6
24,6/1/2024,1116,2097,404,2,763.17,14
25,2/22/2025,1089,2039,404,1,2785.23,21
26,4/9/2025,1066,2030,404,1,127.5,7
27,7/5/2024,1144,2033,402,2,821.78,2
28,1/24/2025,1080,2009,401,0,39.84,25
29,9/17/2024,1017,2047,403,2,1975.1,4
30,1/16/2025,1020,2013,402,0,1199.52,19
31,9/23/2024,1089,2041,404,0,2406.09,8
32,9/21/2024,1116,2033,402,3,268.15,6
33,5/13/2025,1038,2047,402,0,1803.01,7
34,3/19/2025,1091,2035,401,3,3872.65,19
36,5/8/2025,1188,2034,402,0,125.51,7
38,4/13/2025,1071,2065,404,2,274.92,8
39,5/22/2025,1020,2039,404,2,4929.06,8
40,7/19/2024,1048,2079,401,1,814.88,7
41,1/21/2025,1080,2015,403,3,1409.56,26
42,12/15/2024,1005,2022,403,0,459.86,28
43,3/15/2025,1082,2056,402,1,603.38,23
44,1/21/2025,1023,2096,402,1,337.34,12
45,6/21/2024,1156,2009,404,1,63.76,18
46,11/5/2024,1034,2098,401,1,1918.03,28
47,12/7/2024,1071,2015,404,3,1976.39,5
48,12/26/2024,1113,2092,404,3,1500.13,16
49,11/26/2024,1063,2035,404,2,3710.95,25
50,9/5/2024,1138,2023,402,1,789.03,22
51,11/7/2024,1106,2079,404,0,3945.18,12
52,10/30/2024,1089,2079,404,1,1728.21,14
53,11/29/2024,1171,2051,402,1,1091.54,11
54,4/29/2025,1169,2079,402,1,2205.97,22
55,8/27/2024,1194,2035,404,0,3870.61,26
56,6/22/2024,1057,2099,401,1,89.74,17
57,8/3/2024,1066,2027,404,2,1234.13,26
58,2/28/2025,1116,2013,401,3,3717.57,17
59,7/3/2024,1160,2041,401,0,2427.7,11
60,10/26/2024,1087,2079,404,2,4229.18,10
61,2/9/2025,1187,2083,403,3,1660.18,21
62,12/25/2024,1062,2011,403,1,1161.21,9
63,1/23/2025,1126,2023,404,2,4461.44,25
64,2/7/2025,1002,2024,401,3,1528.42,20
65,2/2/2025,1125,2002,401,3,647.1,14
66,12/21/2024,1135,2070,403,3,45.2,10
67,7/20/2024,1066,2097,402,3,3153.14,15
68,3/5/2025,1025,2037,402,2,1091.56,24
69,9/20/2024,1141,2023,404,0,2612.29,15
70,11/16/2024,1034,2091,401,3,3096.6,29
71,1/31/2025,1020,2035,401,3,4058.33,4
72,9/1/2024,1115,2038,404,0,1493.17,20
73,5/14/2025,1071,2019,402,0,2338.33,13
75,3/16/2025,1050,2069,402,2,189.25,25
76,8/9/2024,1191,2036,404,2,1888.22,14
77,12/3/2024,1020,2055,403,0,1925.73,22
78,4/3/2025,1005,2086,403,1,1320.44,6
79,5/2/2025,1005,2062,401,3,1356.76,17
80,4/11/2025,1177,2084,404,0,663.31,6
81,10/9/2024,1103,2000,404,1,1264.14,16
82,12/2/2024,1013,2097,402,3,2681.2,19
83,6/13/2024,1061,2039,401,0,4286.33,18
84,7/18/2024,1165,2063,403,2,990.87,17
85,11/25/2024,1037,2076,402,2,1716.1,2
86,10/15/2024,1068,2036,403,3,920.77,28
87,11/29/2024,1195,2058,403,1,505.45,20
88,3/11/2025,1032,2048,404,1,122.19,29
89,12/3/2024,1025,2056,401,3,331.1,22
90,4/16/2025,1019,2033,403,3,1710.94,7
91,4/9/2025,1097,2080,404,0,507.8,25
92,1/31/2025,1058,2055,401,0,1403.3,21
93,4/28/2025,1034,2054,404,3,4066.34,22
94,8/10/2024,1005,2030,404,1,1293.91,3
96,9/30/2024,1176,2041,402,3,2216.14,20
98,5/23/2025,1190,2036,402,2,420.76,27
99,9/11/2024,1196,2017,401,0,909.61,11
100,12/21/2024,1023,2041,404,1,4444.07,30
101,10/25/2024,1069,2032,404,2,710.49,29
102,7/19/2024,1036,2028,404,2,819.42,19
103,9/16/2024,1089,2086,403,2,505.95,11
104,6/11/2024,1143,2070,402,3,52.31,27
105,11/7/2024,1034,2046,401,1,61.94,7
106,5/15/2025,1138,2095,402,0,1250.52,25
107,5/10/2025,1176,2056,404,2,1387.08,3
108,12/13/2024,1091,2041,402,3,1454.48,11
109,1/9/2025,1012,2031,402,1,1542.06,10
110,8/24/2024,1071,2029,401,1,85.63,28
111,3/20/2025,1034,2054,402,0,735.8,15
112,2/25/2025,1190,2091,403,0,1496.97,22
114,1/31/2025,1113,2019,403,0,3309.43,3
115,12/23/2024,1097,2067,403,3,1418.47,16
116,4/9/2025,1196,2027,404,1,1663.47,6
117,11/4/2024,1080,2085,403,1,974.82,24
118,7/9/2024,1005,2054,402,2,2348.64,11
119,4/17/2025,1108,2092,401,2,1176.94,22
120,8/27/2024,1057,2044,403,2,1624.08,2
121,4/6/2025,1159,2082,401,2,582.88,13
123,7/9/2024,1096,2043,402,2,1156.81,17
124,7/6/2024,1116,2006,401,3,911.99,17
125,9/20/2024,1029,2009,403,3,53.18,17
126,8/30/2024,1014,2041,402,2,1039.93,5
127,12/2/2024,1033,2090,402,2,1730.44,5
128,6/19/2024,1066,2073,404,3,839.81,21
129,5/20/2025,1032,2046,401,0,92.44,26
130,12/8/2024,1079,2028,403,0,272.35,14
131,12/6/2024,1089,2082,402,1,388.32,12
132,8/3/2024,1019,2091,404,3,4469.22,16
133,1/11/2025,1082,2080,403,0,1281.2,30
134,3/19/2025,1090,2039,404,0,1791.85,2
135,1/11/2025,1023,2064,404,0,1629.14,26
136,1/15/2025,1121,2007,404,2,214.44,29
137,1/12/2025,1032,2067,402,2,1560.21,25
138,1/28/2025,1089,2019,404,1,3122.33,18
139,7/29/2024,1167,2050,402,0,784.52,14
140,3/17/2025,1171,2094,401,3,85.55,19
141,10/4/2024,1087,2062,402,1,626.79,12
142,3/15/2025,1138,2067,401,1,350.79,2
144,5/22/2025,1192,2057,402,2,1579.52,18
145,4/28/2025,1032,2036,404,3,1642.94,15
146,3/21/2025,1020,2091,403,0,2821.59,3
147,7/22/2024,1116,2097,402,0,1499.17,3
148,11/19/2024,1006,2050,403,0,104.97,23
151,5/10/2025,1108,2041,402,0,3375.28,9
152,1/2/2025,1032,2002,402,2,1248.88,30
154,5/28/2025,1099,2005,404,2,746.33,15
155,6/29/2024,1066,2094,403,2,1636.34,27
156,8/12/2024,1118,2061,402,0,1890.03,20
157,6/16/2024,1071,2040,403,3,115.46,29
158,8/18/2024,1199,2054,403,2,2300.1,6
159,11/16/2024,1086,2063,404,2,1467.81,6
160,7/4/2024,1046,2041,401,2,3211.8,10
161,11/12/2024,1089,2093,403,3,1961.05,2
162,5/14/2025,1005,2095,402,1,1372.27,30
163,11/16/2024,1071,2046,403,0,105.07,18
164,5/14/2025,1195,2023,403,2,1010.52,4
165,2/22/2025,1099,2015,403,3,1243.16,29
166,2/4/2025,1051,2019,404,3,4147.31,3
167,5/21/2025,1170,2009,403,1,139.83,8
168,1/9/2025,1130,2035,402,3,2993.1,27
169,10/26/2024,1141,2019,401,3,3961.24,8
170,3/29/2025,1089,2057,404,2,1666.65,6
171,12/14/2024,1196,2055,401,1,365.84,6
172,5/9/2025,1020,2032,402,2,640.51,30
173,12/11/2024,1043,2074,402,2,1149.06,17
174,3/29/2025,1034,2098,403,3,109.06,20
175,4/23/2025,1164,2061,402,3,192.3,19
176,6/26/2024,1123,2043,402,2,1728.52,28
177,5/23/2025,1089,2013,403,0,1615.63,5
178,7/12/2024,1098,2053,402,1,1870.82,22
179,2/15/2025,1116,2065,404,2,225.6,26
181,1/16/2025,1137,2019,404,2,3937.36,8
183,9/22/2024,1174,2016,401,2,762.93,24
184,7/31/2024,1102,2005,401,2,1062.7,11
185,8/2/2024,1035,2070,403,2,81.02,13
186,12/5/2024,1144,2013,403,0,3126.66,20
187,3/19/2025,1176,2076,404,1,1187.87,6
188,8/10/2024,1158,2048,402,1,1899,13
189,7/17/2024,1089,2052,402,3,1484.88,6
190,6/27/2024,1071,2084,404,2,946.34,16
191,12/11/2024,1173,2092,403,1,594.06,24
192,9/29/2024,1076,2090,402,3,730.17,14
193,5/9/2025,1070,2039,404,3,4795.74,19
194,3/22/2025,1073,2010,403,2,467.27,12
195,3/31/2025,1143,2017,401,1,1356.18,14
196,12/10/2024,1013,2054,404,1,0,12
197,12/14/2024,1104,2060,404,2,1309.5,28
198,4/30/2025,1071,2092,401,1,1683.33,24
199,5/9/2025,1005,2023,403,0,3212.52,25
200,5/7/2025,1116,2069,404,1,962.64,2
201,8/19/2024,1116,2082,403,0,1592,28
202,12/19/2024,1044,2081,404,2,1355.05,5
203,8/16/2024,1089,2000,403,3,1910.37,19
205,11/7/2024,1180,2088,401,2,480.66,23
206,5/17/2025,1116,2077,403,3,1613.89,5
207,3/29/2025,1174,2010,404,2,1150.13,19
208,6/27/2024,1129,2097,402,3,1424.31,19
209,12/22/2024,1032,2058,402,3,1139.65,21
210,1/25/2025,1005,2000,402,0,1415.75,11
211,12/13/2024,1066,2060,401,1,1543.36,15
212,5/24/2025,1107,2048,404,3,1381.32,10
213,1/19/2025,1167,2015,402,3,1469.32,2
214,8/31/2024,1034,2059,404,1,725.01,18
215,9/21/2024,1185,2004,404,0,181.22,14
216,12/25/2024,1172,2006,402,3,1102.53,16
217,3/2/2025,1035,2037,402,2,1556.45,28
218,3/28/2025,1116,2066,402,2,1899.61,29
220,10/31/2024,1178,2019,403,3,1514.05,20
221,4/11/2025,1032,2071,404,1,547.24,18
223,6/17/2024,1071,2042,403,0,420.55,11
224,2/25/2025,1193,2031,402,1,1562.25,30
225,10/30/2024,1091,2040,404,3,54.83,3
227,2/15/2025,1050,2046,402,2,125.02,15
228,5/20/2025,1125,2093,403,3,1784.26,28
229,5/29/2025,1134,2019,401,3,3338.16,6
230,6/29/2024,1071,2047,401,3,80.68,26
232,3/22/2025,1027,2067,402,2,571.28,16
233,11/4/2024,1103,2031,402,0,1723.53,24
234,3/5/2025,1005,2060,401,1,1698.39,15
235,1/11/2025,1024,2005,402,3,1852.11,18
236,1/31/2025,1139,2004,402,2,453.96,26
237,7/31/2024,1101,2038,402,3,1104.1,28
240,11/30/2024,1096,2087,404,2,1440.56,16
241,7/5/2024,1116,2040,403,0,72.26,2
242,3/5/2025,1066,2091,404,0,918.79,26
243,12/26/2024,1098,2079,404,1,1263.12,23
244,10/30/2024,1020,2023,401,2,2679.04,5
245,7/3/2024,1063,2063,402,1,1900.21,11
246,10/12/2024,1084,2055,402,1,396.39,9
247,11/4/2024,1188,2062,402,2,816.22,9
248,7/19/2024,1151,2023,401,3,1443.42,8
249,3/19/2025,1017,2052,404,2,1334.39,14
250,2/14/2025,1018,2076,404,3,1591.91,6
251,10/22/2024,1137,2010,401,2,1244.72,2
252,12/18/2024,1165,2096,403,3,242.28,28
253,8/31/2024,1142,2073,402,3,1375.13,30
254,2/1/2025,1034,2037,404,0,1884.32,21
255,7/29/2024,1116,2066,404,0,1408.69,2
256,10/7/2024,1181,2054,401,1,3832.2,27
257,12/6/2024,1084,2059,402,1,1331.75,12
259,2/8/2025,1147,2097,402,1,1680.59,23
260,4/12/2025,1163,2046,404,2,74.1,12
261,8/10/2024,1076,2075,401,2,645.49,7
262,8/16/2024,1130,2076,402,3,1289.23,19
263,2/3/2025,1044,2062,403,2,1257.85,19
264,4/14/2025,1124,2079,404,3,4279.51,5
266,3/13/2025,1197,2070,401,2,125.26,18
267,10/25/2024,1010,2056,402,0,1324.66,3
268,9/10/2024,1008,2044,401,0,512.04,27
269,3/24/2025,1089,2078,404,1,1636.38,19
270,3/22/2025,1136,2097,402,2,1703.04,7
271,4/11/2025,1173,2017,404,2,297.43,22
272,4/14/2025,1089,2097,404,2,2188.28,11
273,7/3/2024,1196,2097,403,2,2696.2,19
274,12/21/2024,1187,2091,403,3,2433.39,27
275,8/27/2024,1072,2070,402,3,135.18,12
276,3/6/2025,1032,2023,404,3,3598.66,3
277,7/26/2024,1040,2035,401,2,3490.29,12
278,1/13/2025,1020,2096,402,0,52.12,29
280,4/12/2025,1122,2079,401,0,2154.03,22
282,8/8/2024,1054,2019,404,3,890.1,10
283,7/13/2024,1150,2044,404,1,1307.01,12
284,9/10/2024,1184,2099,401,2,1233.51,7
285,8/17/2024,1165,2035,404,1,3172.68,2
286,12/9/2024,1092,2016,404,3,1381.74,13
288,5/14/2025,1073,2064,404,3,1096.3,13
289,12/30/2024,1079,2035,402,3,3934.51,4
291,11/20/2024,1079,2084,402,1,369.47,6
292,5/16/2025,1184,2054,402,2,1031.26,3
293,4/26/2025,1109,2019,403,0,2798.52,8
294,6/24/2024,1042,2032,401,0,1042.21,9
295,6/20/2024,1062,2054,404,1,4358.68,13
296,12/15/2024,1189,2028,403,2,201.88,27
297,10/26/2024,1013,2097,401,0,4397.15,12
298,3/10/2025,1022,2001,403,2,523.04,30
299,10/25/2024,1197,2093,402,3,1106.01,18
300,1/8/2025,1002,2000,404,2,1083.14,22
301,9/6/2024,1015,2018,403,1,1063.53,14
302,2/7/2025,1191,2019,402,3,3055.19,3
303,11/15/2024,1060,2054,404,2,1723.8,8
304,7/2/2024,1066,2023,404,3,2112.29,21
305,3/8/2025,1118,2019,401,2,3635.95,23
306,6/18/2024,1083,2035,403,0,1670.75,5
307,5/29/2025,1005,2071,402,0,322.6,13
308,6/6/2024,1056,2079,403,0,1664.69,7
309,3/25/2025,1066,2091,402,2,4740.26,21
311,8/28/2024,1020,2019,401,1,2745.01,27
312,4/20/2025,1022,2023,404,1,4109.76,14
313,3/18/2025,1182,2069,404,2,400.64,30
314,10/7/2024,1020,2091,403,1,950.6,21
315,1/17/2025,1188,2035,404,1,3166.34,7
316,3/22/2025,1151,2054,402,1,4146.81,15
317,5/22/2025,1044,2011,401,1,982.08,27
319,7/29/2024,1089,2047,404,2,316.08,13
320,8/5/2024,1163,2083,403,2,1198.45,26
321,8/12/2024,1176,2023,401,3,3968.74,13
322,12/19/2024,1089,2078,402,0,324.25,28
323,2/27/2025,1089,2019,403,2,3619.29,7
324,10/19/2024,1184,2079,404,1,2718.87,29
325,10/29/2024,1025,2073,402,0,115.15,12
326,6/8/2024,1026,2023,404,0,4541.56,19
327,7/10/2024,1157,2090,401,1,896.69,22
328,6/23/2024,1048,2070,403,2,16.95,8
329,12/20/2024,1039,2013,404,3,615.81,8
330,8/10/2024,1020,2014,403,3,1339.03,3
331,7/9/2024,1047,2048,403,0,956.86,18
332,9/1/2024,1015,2019,401,3,3153.77,12
333,12/15/2024,1133,2068,404,1,203.96,5
334,4/27/2025,1128,2066,402,3,1969.52,20
335,5/23/2025,1032,2019,404,1,1660.49,12
336,5/1/2025,1017,2097,404,2,4627.23,27
337,6/6/2024,1150,2053,401,1,1186.22,3
338,5/20/2025,1066,2012,403,2,565.07,29
339,1/17/2025,1121,2041,404,3,4503.08,12
340,10/12/2024,1032,2047,401,2,1693.55,21
341,4/11/2025,1058,2091,403,3,901.79,15
342,11/16/2024,1104,2097,403,1,3693.06,11
343,11/6/2024,1134,2003,402,1,536.51,23
344,11/21/2024,1180,2054,404,0,1588.72,24
345,11/30/2024,1121,2044,403,2,1393.26,9
346,9/24/2024,1041,2099,402,1,574.71,29
347,11/8/2024,1034,2016,402,0,1236.27,29
348,5/12/2025,1181,2054,404,3,2600.14,10
349,1/27/2025,1101,2000,403,2,260.8,12
350,6/28/2024,1163,2040,403,2,82.42,25
351,9/7/2024,1005,2087,402,3,555.88,2
352,11/9/2024,1009,2073,402,1,1294.71,17
353,11/26/2024,1091,2021,402,3,554.37,19
354,3/23/2025,1046,2042,401,1,648.82,13
355,3/15/2025,1066,2059,401,0,429.36,25
356,7/20/2024,1135,2013,402,1,4942.36,6
357,4/24/2025,1036,2029,401,1,18.12,4
358,11/20/2024,1116,2020,404,0,895.74,25
359,11/13/2024,1122,2004,402,0,1525.85,21
360,12/10/2024,1034,2031,402,2,250.28,10
361,12/4/2024,1016,2038,403,2,1389.22,29
362,7/26/2024,1125,2024,402,3,487.43,15
363,5/27/2025,1034,2021,401,0,1298.63,7
364,3/8/2025,1152,2084,401,0,275.79,20
365,11/17/2024,1020,2019,402,0,3477.49,18
366,1/20/2025,1155,2053,401,0,1580.28,26
367,12/2/2024,1199,2097,402,3,677.33,27
368,12/2/2024,1032,2009,401,0,103.66,26
369,8/2/2024,1066,2012,403,3,627.24,28
370,11/23/2024,1116,2037,403,2,276.01,19
371,4/9/2025,1002,2084,402,3,573.2,3
372,2/21/2025,1087,2079,404,2,3604.56,18
373,11/27/2024,1042,2013,402,3,3552.77,16
374,8/15/2024,1091,2087,402,3,852,27
375,6/20/2024,1080,2097,402,2,3597.09,10
376,12/31/2024,1186,2054,404,0,4704.67,6
377,12/4/2024,1126,2009,404,2,17.05,26
378,8/31/2024,1103,2010,404,3,1021.99,12
379,10/5/2024,1190,2013,404,0,4063.02,9
380,5/19/2025,1130,2083,404,2,1642.35,28
381,4/5/2025,1196,2060,403,0,1334.87,17
382,6/1/2024,1162,2037,403,0,1010.22,6
383,3/28/2025,1104,2039,402,3,4210.49,30
384,8/18/2024,1193,2081,401,3,1199.17,16
385,12/4/2024,1001,2006,404,3,1573.11,2
386,5/1/2025,1044,2016,401,2,800.09,12
387,5/24/2025,1195,2079,403,3,1121.81,10
388,12/27/2024,1131,2097,403,1,3308.75,14
389,9/27/2024,1172,2023,403,2,3122.63,21
390,5/12/2025,1172,2068,403,3,1069.32,15
391,6/11/2024,1034,2023,403,1,3607.68,14
392,9/28/2024,1008,2057,401,1,1144.48,16
393,9/6/2024,1178,2013,404,2,742.11,18
394,2/26/2025,1032,2081,403,1,1930.37,17
395,9/28/2024,1066,2023,401,3,1689.08,15
396,8/6/2024,1001,2029,401,2,118.31,18
398,5/17/2025,1129,2097,404,1,3485.01,22
399,10/12/2024,1192,2060,401,2,1813.77,13
400,12/29/2024,1010,2041,404,0,2931.07,6
401,9/23/2024,1197,2065,404,2,425.4,21
402,12/6/2024,1042,2098,401,1,1558.49,20
403,4/13/2025,1026,2079,401,1,3725.91,20
404,6/16/2024,1116,2071,401,1,844.88,5
405,11/19/2024,1080,2019,401,0,3135.24,17
406,2/7/2025,1066,2041,401,3,4199.55,24
407,6/14/2024,1071,2079,403,1,4491.4,18
408,5/20/2025,1165,2001,402,0,818.46,20
409,12/14/2024,1071,2092,403,1,480.54,28
410,4/3/2025,1116,2072,401,3,192.63,19
411,1/24/2025,1050,2062,403,1,1258.06,19
412,4/26/2025,1115,2040,402,2,144.21,22
413,8/9/2024,1056,2082,404,2,1479.3,6
414,4/18/2025,1091,2062,401,0,1724.49,19
415,7/28/2024,1067,2080,401,0,1281.67,6
416,3/25/2025,1196,2004,403,3,339.83,24
417,11/2/2024,1150,2037,402,0,1029.23,14
418,1/20/2025,1157,2096,402,1,1153.33,5
419,4/17/2025,1032,2005,402,1,770.4,19
421,5/21/2025,1070,2033,402,3,1324.01,2
422,4/3/2025,1096,2028,404,2,990.11,15
423,12/27/2024,1035,2029,401,2,36.17,21
424,10/24/2024,1030,2053,403,3,984.09,17
425,12/24/2024,1105,2013,402,1,2806.89,19
426,4/23/2025,1116,2023,404,0,3775.88,19
427,3/28/2025,1055,2060,404,3,1599.5,27
428,3/28/2025,1020,2054,404,0,2234.58,3
429,7/16/2024,1005,2077,401,0,1086.29,2
430,3/1/2025,1116,2069,401,3,772.24,19
431,6/19/2024,1058,2061,404,0,546.31,7
432,3/7/2025,1021,2097,404,0,4052.4,8
433,12/21/2024,1034,2026,403,0,1320.57,25
434,9/13/2024,1108,2078,403,3,855.79,14
435,3/14/2025,1094,2061,403,2,826.35,6
436,7/27/2024,1030,2057,402,3,1611.66,3
437,12/29/2024,1013,2013,401,3,2459.2,20
438,6/28/2024,1066,2092,404,3,1065.96,26
439,2/12/2025,1198,2081,404,1,1864.98,26
440,12/7/2024,1071,2086,401,0,219.34,23
441,9/21/2024,1171,2075,402,0,1121.71,6
442,2/18/2025,1149,2040,402,1,66.55,10
443,6/2/2024,1066,2064,403,0,1915.58,15
444,4/18/2025,1147,2091,404,1,4825.57,19
445,11/22/2024,1150,2061,401,3,1988.69,23
446,1/26/2025,1089,2045,401,2,231.37,13
447,1/25/2025,1019,2022,404,1,574.7,18
448,5/14/2025,1048,2025,402,2,445.39,18
449,9/11/2024,1039,2015,401,3,1540.28,9
450,12/13/2024,1032,2040,404,2,147.82,7
451,5/2/2025,1056,2016,401,3,1104.5,14
452,12/3/2024,1175,2058,401,3,66.42,4
453,1/25/2025,1025,2070,403,2,75.99,3
454,12/29/2024,1127,2053,403,3,400.78,19
455,7/25/2024,1058,2092,403,3,432.32,26
456,3/20/2025,1121,2022,404,2,635.07,18
457,12/18/2024,1101,2023,401,2,3334.38,25
458,11/19/2024,1092,2071,403,3,1741.37,25
459,5/19/2025,1116,2036,403,3,921.51,21
460,7/4/2024,1118,2018,402,2,1244,13
461,11/6/2024,1020,2035,403,2,3224.23,19
462,11/3/2024,1199,2046,404,1,27.51,9
463,9/5/2024,1190,2010,402,0,1876.75,30
464,11/25/2024,1005,2010,401,1,1866.6,17
465,11/2/2024,1020,2016,402,1,1343.92,25
466,4/12/2025,1121,2069,403,1,1410.36,2
467,8/13/2024,1161,2072,404,2,989.22,23
468,9/2/2024,1020,2033,402,0,1528.67,15
469,7/27/2024,1136,2091,404,3,3186.52,2
470,3/19/2025,1048,2071,404,1,1309.68,30
471,3/31/2025,1066,2030,403,2,1714.29,12
472,8/15/2024,1163,2057,403,3,87.82,8
473,6/22/2024,1047,2036,403,3,503.98,6
474,8/2/2024,1087,2063,403,0,1694.92,19
475,5/15/2025,1005,2091,402,2,4227.13,2
476,7/21/2024,1063,2056,402,0,1483.88,10
477,7/10/2024,1053,2087,403,1,132.26,4
478,5/10/2025,1064,2038,402,0,474.69,17
479,7/18/2024,1083,2041,401,1,688.97,29
480,3/14/2025,1152,2019,402,0,2022.9,26
481,5/22/2025,1015,2023,401,1,3012.58,4
482,1/11/2025,1112,2002,404,1,127,4
483,2/9/2025,1138,2024,402,2,586.88,5
484,4/1/2025,1141,2097,402,2,2543.36,19
485,3/11/2025,1187,2013,403,1,785.04,28
486,5/21/2025,1048,2063,402,2,677.95,28
487,7/11/2024,1011,2016,402,1,423.65,17
489,6/6/2024,1167,2010,404,0,1499.78,9
490,4/23/2025,1181,2039,403,0,850.71,15
491,8/29/2024,1025,2068,404,1,1897.63,13
492,12/17/2024,1191,2039,403,3,1250.64,27
493,8/14/2024,1086,2068,404,2,1993.86,20
494,4/6/2025,1162,2092,403,1,1122.97,24
495,2/27/2025,1115,2050,401,2,1059.34,19
497,9/21/2024,1142,2073,402,3,319.9,13
498,10/25/2024,1059,2041,401,1,3756.11,10
499,3/17/2025,1066,2038,401,3,159.05,15
500,3/8/2025,1111,2015,402,0,1282.78,3
501,6/23/2024,1081,2019,403,1,3531.36,25
502,5/31/2025,1192,2064,401,2,338.62,2
503,10/13/2024,1190,2079,403,3,1086.69,24
504,7/27/2024,1124,2073,402,1,569.2,27
505,11/14/2024,1147,2079,404,1,3172.45,14
506,6/11/2024,1089,2056,402,1,778.95,19
507,3/4/2025,1028,2031,402,2,1402.9,29
508,7/17/2024,1005,2070,402,2,97.23,23
509,5/30/2025,1171,2039,401,0,4051.35,6
510,12/31/2024,1034,2041,403,0,4475.31,23
511,11/1/2024,1130,2012,403,0,1026.27,22
512,11/22/2024,1005,2097,403,3,582.68,21
513,1/31/2025,1077,2097,403,2,4506.81,27
514,3/26/2025,1020,2054,404,0,2843.23,5
515,1/27/2025,1175,2035,402,2,1981.78,20
516,12/13/2024,1116,2087,402,2,1802.35,18
517,4/30/2025,1197,2039,402,0,4277.85,20
518,7/31/2024,1089,2052,404,2,416.47,19
519,7/26/2024,1020,2078,402,1,750.56,3
520,2/1/2025,1128,2060,403,3,318.15,9
521,8/19/2024,1034,2052,402,1,178.97,30
522,5/6/2025,1157,2041,404,3,688.22,2
523,2/22/2025,1080,2095,401,3,1761.65,7
524,4/18/2025,1005,2005,404,0,907.13,24
525,4/20/2025,1073,2054,403,0,4566.54,27
526,11/23/2024,1023,2014,402,1,680.75,21
527,6/11/2024,1182,2058,401,1,290.91,17
528,7/19/2024,1092,2079,402,3,1268.98,30
529,10/13/2024,1038,2023,402,0,1892.83,24
531,12/2/2024,1001,2063,402,3,911.66,12
533,6/16/2024,1170,2077,403,0,863.07,23
534,8/13/2024,1156,2089,402,2,231.6,9
535,9/30/2024,1097,2097,404,0,1105.46,20
536,2/4/2025,1134,2026,402,0,1959.73,16
537,12/10/2024,1020,2040,403,2,96,16
538,12/2/2024,1127,2023,402,1,?,30
539,6/11/2024,1030,2026,404,2,1621.78,17
540,8/27/2024,1176,2019,403,2,1012.27,19
541,10/12/2024,1145,2003,402,2,984.26,24
542,11/26/2024,1116,2080,404,2,1637.62,7
543,5/7/2025,1020,2086,403,0,1386.71,18
544,3/20/2025,1090,2023,403,2,3319.3,25
545,4/5/2025,1099,2019,403,2,1721.74,23
546,7/7/2024,1095,2038,402,1,1580.64,20
547,3/12/2025,1113,2061,402,3,1071.07,22
548,3/11/2025,1066,2066,402,0,1441.67,17
549,12/7/2024,1034,2076,401,0,1544.05,25
550,2/27/2025,1020,2026,403,2,672.34,26
551,11/16/2024,1116,2019,401,0,2076.43,5
552,10/7/2024,1020,2021,401,2,148.92,13
553,6/13/2024,1012,2013,401,1,4510.74,8
554,1/4/2025,1114,2039,403,0,3900.84,13
555,11/23/2024,1032,2041,404,1,4530.65,11
556,9/14/2024,1046,2085,403,2,109.02,2
557,11/26/2024,1118,2036,403,1,841.09,4
558,2/13/2025,1066,2068,404,3,525.2,2
559,8/5/2024,1016,2070,404,3,57.91,23
560,2/4/2025,1066,2091,404,3,939.44,7
561,11/17/2024,1103,2019,404,0,4176.65,2
562,4/22/2025,1162,2096,402,3,810.47,19
563,12/21/2024,1089,2041,404,2,3122.27,26
564,12/28/2024,1032,2007,403,0,?,28
565,12/17/2024,1028,2003,402,3,1437.96,6
566,11/7/2024,1054,2060,402,3,752.56,22
567,11/9/2024,1171,2013,401,1,2690.16,5
568,11/15/2024,1021,2079,404,3,2544.77,24
569,11/12/2024,1098,2023,404,3,1565.37,15
570,12/3/2024,1139,2004,401,2,988.99,15
571,2/1/2025,1020,2010,401,0,1101.43,30
572,12/21/2024,1087,2001,404,3,696.45,2
573,10/19/2024,1075,2013,403,2,2629.22,21
574,8/9/2024,1020,2079,401,0,845.88,24
575,3/14/2025,1157,2041,401,1,3825.35,18
576,1/18/2025,1044,2035,404,0,879.81,26
577,7/31/2024,1039,2096,404,1,1465.7,14
579,11/26/2024,1136,2079,404,3,4672.5,30
580,11/19/2024,1135,2005,401,2,891.98,14
581,5/3/2025,1085,2019,403,3,3538.81,8
582,9/7/2024,1197,2054,402,0,4242.6,20
583,6/6/2024,1066,2044,402,2,96.22,24
584,7/9/2024,1168,2027,401,0,1229.14,6
585,10/28/2024,1165,2023,401,2,3472.15,21
586,7/3/2024,1070,2088,403,0,171.66,2
587,11/1/2024,1066,2033,402,3,441.3,28
588,11/2/2024,1027,2079,402,0,3719.3,26
589,7/13/2024,1020,2002,404,0,1345.98,11
590,9/17/2024,1100,2065,404,3,1572.83,14
591,3/14/2025,1000,2088,404,2,640.51,20
592,6/24/2024,1165,2097,403,3,1804.81,17
593,8/23/2024,1098,2038,404,2,1776.17,29
594,11/15/2024,1034,2039,402,0,3395.33,20
595,12/3/2024,1115,2002,401,2,133.49,22
596,7/20/2024,1170,2086,402,1,121.91,29
597,7/29/2024,1120,2079,401,1,3346.98,28
598,4/28/2025,1024,2021,401,0,1210.21,29
599,12/30/2024,1071,2094,404,1,1931.15,17
600,8/27/2024,1116,2009,403,3,61.79,20
601,8/8/2024,1034,2039,404,0,863.25,24
602,6/4/2024,1180,2036,404,3,452.01,8
603,1/10/2025,1105,2023,401,3,896.1,3
604,3/30/2025,1107,2035,402,0,4382.29,15
605,5/28/2025,1118,2084,402,1,340.97,15
606,4/5/2025,1127,2013,401,2,1631.22,23
607,12/30/2024,1116,2013,402,0,1022.29,13
608,4/25/2025,1151,2053,402,2,264.76,16
610,11/15/2024,1032,2054,402,1,4890,18
611,8/23/2024,1034,2019,404,1,1489.34,12
612,9/28/2024,1116,2070,402,3,40.3,8
613,11/26/2024,1003,2094,402,3,1789.05,21
614,12/25/2024,1034,2005,401,0,818.92,7
615,3/24/2025,1025,2030,401,0,842.91,15
616,8/30/2024,1061,2011,401,2,945.6,9
617,12/20/2024,1116,2017,404,2,1422.61,26
618,6/1/2024,1098,2042,401,2,1244.38,30
619,12/20/2024,1066,2042,401,2,266.38,11
620,10/25/2024,1093,2082,401,1,703.11,22
621,12/13/2024,1188,2074,402,1,1800.97,30
622,12/4/2024,1013,2054,404,0,2893.57,12
623,3/29/2025,1115,2086,401,3,811.83,11
624,8/14/2024,1019,2041,401,3,1419.15,7
625,5/16/2025,1005,2069,402,3,1307.13,24
626,9/27/2024,1071,2066,403,2,1584.31,9
627,11/29/2024,1135,2056,404,1,647.67,18
628,3/15/2025,1089,2098,401,2,374.41,20
629,5/5/2025,1073,2023,402,0,1924.82,9
630,7/23/2024,1047,2013,403,1,2929.4,28
631,8/7/2024,1006,2063,402,2,1941.79,27
632,12/14/2024,1165,2060,403,1,1470.66,19
633,5/4/2025,1028,2005,402,0,833.18,26
634,4/5/2025,1023,2070,402,1,117.39,26
635,8/20/2024,1032,2011,404,2,1047.53,30
636,6/24/2024,1101,2079,403,0,2081.1,20
637,5/24/2025,1022,2091,404,2,3776,7
638,4/26/2025,1106,2039,401,2,4403.87,23
639,5/28/2025,1005,2079,403,3,3898.6,6
640,7/27/2024,1005,2091,401,2,1867.61,17
641,12/17/2024,1006,2019,403,3,3496.61,25
642,9/26/2024,1071,2041,404,0,2127.92,29
643,11/28/2024,1066,2060,401,0,367.55,3
644,6/26/2024,1177,2023,401,3,4798.2,28
645,6/21/2024,1163,2065,402,1,1217.59,23
646,8/9/2024,1080,2087,403,2,1181.09,9
647,3/29/2025,1020,2062,404,1,351.38,24
648,8/31/2024,1066,2009,401,0,53.62,20
649,10/24/2024,1152,2043,402,0,281.26,28
650,7/24/2024,1176,2023,402,0,3933.61,20
651,7/18/2024,1032,2005,402,0,1821.63,11
652,6/19/2024,1002,2015,402,1,735.49,18
653,7/9/2024,1071,2044,403,1,183.26,17
654,3/28/2025,1135,2035,403,0,944.09,24
655,8/28/2024,1181,2089,402,0,741.9,6
656,10/30/2024,1071,2097,403,0,2731.17,30
657,10/23/2024,1184,2054,404,2,3812.78,23
658,2/1/2025,1057,2037,404,0,1614.75,28
659,5/10/2025,1003,2062,401,0,819.88,20
660,2/4/2025,1189,2021,401,1,1210.17,20
661,5/29/2025,1005,2035,403,3,3500.05,22
662,5/15/2025,1130,2091,401,3,3327.67,12
663,7/26/2024,1034,2063,401,3,687.56,3
664,10/1/2024,1194,2097,404,1,2740.55,3
665,12/4/2024,1138,2097,401,0,1915.52,13
666,10/28/2024,1008,2041,402,1,2250.86,26
667,3/7/2025,1125,2087,404,1,813.2,17
668,12/1/2024,1157,2098,403,0,299.99,27
669,10/25/2024,1149,2054,404,2,2353.68,11
670,6/24/2024,1071,2075,401,0,273.22,12
671,8/10/2024,1009,2054,404,3,4935.94,25
672,10/29/2024,1146,2091,401,1,2762.46,3
673,3/7/2025,1157,2079,402,0,2911.25,13
674,9/26/2024,1005,2079,401,0,1730.14,27
675,12/19/2024,1109,2019,403,2,2929.76,27
676,8/22/2024,1159,2085,402,1,465.26,5
677,5/18/2025,1119,2097,404,0,2139.24,2
678,8/1/2024,1020,2052,403,0,1699.64,15
679,9/17/2024,1041,2039,402,0,624.67,11
680,3/19/2025,1124,2055,404,0,581.79,8
681,6/13/2024,1071,2022,401,3,157.89,19
682,4/25/2025,1076,2052,403,0,1687.63,26
683,4/5/2025,1066,2074,403,0,288.44,11
684,3/22/2025,1149,2095,402,1,391.55,30
685,5/22/2025,1065,2007,404,0,876.37,17
686,1/30/2025,1037,2091,403,0,4573.53,2
687,6/15/2024,1013,2085,402,3,1919.04,4
688,10/24/2024,1031,2030,404,3,1839.96,2
689,9/30/2024,1193,2035,402,2,3950.33,21
690,11/7/2024,1066,2062,404,2,1759.68,19
691,3/28/2025,1178,2019,403,2,623.08,26
693,12/21/2024,1071,2098,402,3,672.83,14
694,11/27/2024,1066,2039,403,1,2154.2,7
695,11/2/2024,1146,2013,402,3,3655.68,22
696,8/9/2024,1109,2019,401,1,1028.08,22
697,2/15/2025,1116,2063,401,1,1730.78,29
698,3/14/2025,1126,2055,402,2,419.26,16
699,8/14/2024,1007,2041,402,1,3579.2,30
700,11/22/2024,1116,2088,404,3,1485.4,27
701,9/13/2024,1034,2035,404,0,0,26
702,12/4/2024,1101,2016,401,2,1011.04,17
703,10/15/2024,1022,2070,404,0,146.99,5
704,12/3/2024,1071,2055,403,2,1535.05,24
705,9/16/2024,1042,2046,402,3,30.81,29
706,9/3/2024,1020,2091,404,3,2104.34,23
707,2/10/2025,1126,2023,401,1,1312.95,16
708,8/9/2024,1069,2084,402,0,1163.04,8
709,11/9/2024,1032,2042,401,0,1201.16,25
710,5/15/2025,1039,2091,404,2,526.12,21
711,5/22/2025,1115,2070,402,0,49.61,5
712,3/20/2025,1140,2048,401,1,1553.21,6
713,11/4/2024,1071,2079,403,1,2708.8,25
714,11/14/2024,1079,2077,402,0,1049.67,24
715,11/30/2024,1121,2039,404,3,3262.41,26
716,11/15/2024,1010,2059,402,1,1078.19,18
717,1/12/2025,1032,2061,403,1,635.8,3
718,9/10/2024,1145,2019,401,3,2590.95,9
719,2/15/2025,1090,2019,401,3,1319.94,17
720,11/2/2024,1020,2046,404,2,138.54,16
721,3/24/2025,1066,2077,403,0,84.93,11
722,11/3/2024,1032,2051,404,2,1928.13,16
723,1/25/2025,1022,2013,402,0,1346.99,12
724,6/12/2024,1037,2055,402,3,872.66,15
726,9/28/2024,1100,2013,401,3,4318.77,16
727,2/22/2025,1141,2004,404,3,168.37,19
728,6/8/2024,1141,2079,404,2,2463.04,20
729,8/6/2024,1120,2029,402,2,129.48,11
730,2/14/2025,1075,2049,404,2,1609.52,15
731,4/5/2025,1072,2011,404,1,1009.76,23
732,3/17/2025,1126,2029,401,2,59.99,29
733,8/5/2024,1128,2019,403,1,1508.43,22
734,9/14/2024,1090,2098,403,0,1856.93,13
735,11/15/2024,1193,2019,401,0,1251.71,15
736,7/20/2024,1089,2041,404,3,946.82,17
737,1/12/2025,1035,2035,404,0,4141.15,11
738,10/16/2024,1021,2079,403,1,3890.78,2
739,11/11/2024,1005,2052,404,2,913.03,11
740,3/8/2025,1132,2010,403,1,816.87,5
741,6/16/2024,1038,2007,403,2,661.71,11
742,10/17/2024,1135,2018,404,1,1267.5,30
743,12/31/2024,1088,2083,404,2,1098,13
744,11/2/2024,1032,2069,403,2,1526.24,26
745,8/6/2024,1020,2041,404,0,4287.13,30
746,9/14/2024,1031,2019,404,0,4923.28,24
747,3/22/2025,1144,2080,402,2,1639.4,15
748,12/20/2024,1005,2031,401,1,754.47,9
749,7/12/2024,1105,2013,404,3,851.33,27
750,1/26/2025,1143,2050,403,3,1393.58,5
751,5/14/2025,1106,2018,402,3,1423.82,10
752,4/12/2025,1071,2004,402,2,281.59,6
753,4/9/2025,1089,2005,402,2,641.36,20
754,11/29/2024,1036,2053,401,2,470.38,17
755,3/28/2025,1031,2008,401,2,1805.56,5
756,3/13/2025,1184,2016,402,3,1351.08,11
757,8/2/2024,1022,2085,404,3,139.35,29
758,1/24/2025,1071,2021,401,2,291.37,8
759,12/17/2024,1034,2066,402,0,1875.55,5
760,8/14/2024,1071,2039,404,2,702.43,29
761,4/12/2025,1005,2013,403,0,947,12
762,8/9/2024,1020,2019,403,1,4825.06,2
763,8/15/2024,1076,2040,402,2,141.82,24
764,4/26/2025,1071,2075,402,3,575.11,6
765,10/7/2024,1016,2052,402,0,1928.78,25
766,1/25/2025,1116,2046,404,1,29.93,8
768,12/31/2024,1042,2091,403,3,4290.97,18
769,8/27/2024,1072,2097,401,3,4237.24,18
770,2/18/2025,1110,2097,403,2,4908.38,21
771,2/10/2025,1169,2043,402,2,1399.1,15
772,1/12/2025,1032,2013,402,3,2921.59,10
773,3/15/2025,1019,2085,404,2,783.93,19
774,12/27/2024,1196,2001,401,1,481.97,19
775,6/8/2024,1181,2011,403,1,1012.93,25
776,10/24/2024,1180,2026,401,3,590.83,29
778,9/14/2024,1058,2093,403,0,1401.32,25
779,12/11/2024,1143,2000,404,0,679.85,16
780,4/5/2025,1031,2059,404,0,487.87,16
781,9/21/2024,1114,2046,402,0,41.59,7
783,11/14/2024,1089,2031,401,2,1652.19,12
784,12/7/2024,1066,2079,404,3,884.91,5
785,6/27/2024,1089,2088,401,0,911.74,24
786,10/1/2024,1016,2013,401,3,3277.86,26
787,11/8/2024,1168,2058,404,3,1257.5,20
788,10/15/2024,1006,2042,402,0,181.71,14
789,3/15/2025,1116,2032,403,3,318.46,9
790,6/20/2024,1005,2083,403,1,651.92,13
792,4/11/2025,1050,2081,402,2,977.66,24
793,2/2/2025,1177,2070,403,3,24.68,21
794,4/18/2025,1126,2013,402,3,1575.59,26
795,2/22/2025,1084,2048,402,0,193.78,16
797,8/11/2024,1184,2097,402,0,1678.05,9
798,7/13/2024,1035,2014,403,2,770.8,20
799,10/26/2024,1005,2008,401,1,423.78,7
800,10/29/2024,1153,2081,402,1,623.66,3
801,8/2/2024,1020,2065,404,0,1592.44,16
802,12/30/2024,1005,2082,403,3,1439.35,13
803,12/9/2024,1126,2074,404,0,1795.03,12
804,11/20/2024,1071,2046,402,2,21.87,30
805,3/1/2025,1132,2074,401,2,961.72,24
806,11/8/2024,1081,2013,402,2,2115.92,25
807,7/5/2024,1131,2010,403,0,752.46,4
808,12/14/2024,1172,2040,403,1,115.33,11
809,2/24/2025,1002,2036,403,3,1652.63,28
810,3/4/2025,1116,2029,402,1,82.22,16
811,3/15/2025,1184,2043,401,1,1886.76,26
812,11/9/2024,1142,2023,402,0,3464.82,10
813,10/20/2024,1005,2051,403,0,112.81,4
814,7/28/2024,1084,2077,404,1,174.23,11
815,11/1/2024,1084,2057,403,0,396.39,29
816,3/30/2025,1006,2019,404,1,2859.78,2
817,11/21/2024,1002,2079,404,0,2382.86,12
818,2/26/2025,1052,2035,403,3,3087.91,25
819,10/4/2024,1032,2013,402,3,1610.78,15
820,10/11/2024,1125,2073,401,2,1841.85,6
821,10/18/2024,1076,2022,404,3,1826.12,17
822,8/16/2024,1100,2005,402,1,1274.76,6
823,9/27/2024,1178,2027,404,0,199.24,28
824,7/14/2024,1083,2021,403,0,192.73,26
825,2/4/2025,1097,2046,402,0,109.27,11
826,7/27/2024,1118,2008,401,1,903.56,9
827,11/25/2024,1041,2013,401,0,2258.82,12
828,7/4/2024,1173,2091,403,0,2895.34,20
830,3/9/2025,1063,2030,402,3,78.39,3
831,3/28/2025,1016,2019,402,0,984.58,30
832,10/11/2024,1048,2069,404,0,256.48,15
833,10/9/2024,1089,2035,404,2,2160.41,30
834,6/29/2024,1020,2063,401,1,234.75,26
835,10/9/2024,1099,2098,402,2,1349.42,12
836,6/29/2024,1032,2081,402,0,1251.88,26
838,8/2/2024,1034,2039,404,2,1928.92,17
839,3/15/2025,1005,2036,401,2,451.34,13
840,6/23/2024,1063,2089,402,3,407.91,28
841,1/4/2025,1032,2035,401,1,1065.02,18
842,8/11/2024,1052,2019,404,2,1388.91,25
843,11/11/2024,1077,2091,402,3,4876.5,19
844,11/4/2024,1032,2078,404,3,793.77,16
845,4/10/2025,1076,2019,402,3,1774.52,11
846,12/18/2024,1085,2091,402,1,0,9
847,4/12/2025,1095,2053,404,2,650.23,6
848,5/28/2025,1034,2015,404,1,900.78,8
849,9/13/2024,1184,2046,403,3,112.99,22
850,9/7/2024,1089,2086,401,1,938.17,14
852,5/3/2025,1150,2010,402,1,543.1,16
853,10/1/2024,1168,2075,403,0,1166.59,17
854,3/19/2025,1068,2095,404,0,1641.96,21
855,6/1/2024,1005,2083,403,1,413.48,7
856,7/26/2024,1128,2057,402,0,1627.9,19
857,8/18/2024,1104,2079,401,1,885.68,17
858,7/22/2024,1034,2061,404,0,568.86,7
859,5/16/2025,1010,2097,401,2,2629.54,17
860,10/14/2024,1094,2043,403,2,787.95,28
861,6/25/2024,1084,2000,404,3,1781.54,4
862,7/28/2024,1135,2035,403,3,3471.03,2
863,6/1/2024,1082,2054,401,2,1551.01,23
864,11/29/2024,1020,2046,401,2,109.67,9
865,4/16/2025,1183,2016,404,2,1992.79,9
866,5/28/2025,1114,2061,402,1,1336.5,25
867,7/8/2024,1183,2054,404,1,3496.7,8
868,5/15/2025,1170,2097,404,2,4693.01,20
869,3/7/2025,1164,2046,404,1,50.74,17
870,7/17/2024,1151,2095,401,1,1910.43,17
871,12/21/2024,1034,2024,404,2,1605.16,3
872,5/9/2025,1071,2013,404,2,2749.25,9
873,11/21/2024,1037,2089,401,2,1392.77,29
874,9/20/2024,1146,2027,404,3,1629.91,15
875,8/3/2024,1187,2028,401,1,1468.42,27
876,9/30/2024,1040,2070,404,3,116.08,18
877,11/2/2024,1072,2035,404,2,3111.73,20
878,3/22/2025,1181,2029,402,3,30.28,21
879,8/30/2024,1188,2046,401,1,147.58,2
880,1/28/2025,1034,2091,402,0,3425.44,6
881,12/25/2024,1160,2031,401,3,1391.57,19
882,5/16/2025,1096,2085,401,3,1323.73,15
884,9/20/2024,1151,2091,404,1,785.74,3
885,4/30/2025,1047,2089,401,3,1682.43,5
886,12/12/2024,1166,2035,401,1,0,14
887,11/18/2024,1010,2035,402,2,657.52,21
888,5/24/2025,1093,2021,404,0,140.02,7
889,5/13/2025,1075,2056,402,2,1972.74,16
890,10/19/2024,1053,2084,401,1,1719.37,2
891,8/29/2024,1071,2035,402,3,1647.35,26
892,10/31/2024,1102,2032,404,1,187.59,10
893,2/21/2025,1178,2091,403,1,1190.71,23
894,5/30/2025,1006,2031,401,0,843.22,8
895,10/11/2024,1089,2018,402,0,1939.11,17
896,10/29/2024,1066,2041,404,2,4394.29,7
897,12/14/2024,1012,2079,402,3,1074.07,7
898,6/5/2024,1039,2018,404,2,1464.57,9
899,5/23/2025,1063,2053,404,2,1029.35,17
900,9/21/2024,1183,2029,403,0,66.91,28
901,10/5/2024,1066,2035,401,0,1786.33,30
902,5/8/2025,1002,2054,402,0,3273.29,16
903,5/1/2025,1182,2068,403,0,1931.06,27
904,1/25/2025,1134,2022,401,1,1907.34,14
905,11/11/2024,1095,2043,402,0,992.09,15
906,9/16/2024,1005,2041,401,3,526.51,4
907,11/22/2024,1027,2023,404,0,1388.95,25
908,12/10/2024,1105,2091,401,2,2279.11,17
909,9/30/2024,1046,2034,401,3,739.79,10
911,4/26/2025,1071,2085,403,3,1609.65,24
912,2/13/2025,1195,2051,404,0,295.94,6
913,10/17/2024,1071,2054,404,0,1802.6,24
914,11/29/2024,1063,2093,402,0,1988.8,22
915,9/10/2024,1050,2013,402,1,1095.33,22
916,6/17/2024,1037,2078,402,0,1073.69,26
917,2/7/2025,1056,2046,401,0,47.69,6
919,8/27/2024,1155,2023,403,2,1001.88,2
920,1/23/2025,1197,2042,403,2,1198.38,25
921,12/27/2024,1020,2079,401,1,3208.26,4
922,6/18/2024,1167,2024,404,0,1257.07,17
923,10/1/2024,1194,2023,401,3,1636.36,2
924,4/18/2025,1143,2046,404,0,19.48,6
925,11/9/2024,1128,2021,403,1,1913.82,7
926,6/27/2024,1048,2050,404,0,1513.92,19
928,6/4/2024,1131,2090,403,1,573.6,30
929,7/20/2024,1071,2023,403,2,731.84,9
930,5/24/2025,1053,2000,403,2,1895.53,19
931,4/20/2025,1034,2078,403,0,70.3,29
932,10/20/2024,1071,2013,401,3,1658.05,21
933,1/3/2025,1052,2028,403,3,501.86,14
934,2/18/2025,1122,2023,404,1,2707.33,2
935,2/20/2025,1005,2029,404,1,20.09,25
936,9/9/2024,1103,2097,402,0,2200.44,4
937,6/9/2024,1195,2005,402,0,1880.27,12
938,12/27/2024,1002,2013,403,0,2661.91,22
939,12/18/2024,1041,2046,402,2,27.23,2
941,11/1/2024,1073,2079,401,0,4804.1,3
942,9/23/2024,1089,2019,401,1,2006.8,10
943,8/15/2024,1170,2079,403,0,2746.63,29
944,10/26/2024,1182,2000,402,1,811.67,20
945,2/15/2025,1122,2014,404,2,679.95,22
946,7/24/2024,1090,2046,404,3,99.12,3
947,7/27/2024,1062,2070,404,3,125,10
948,11/1/2024,1107,2099,402,1,446.4,27
949,4/8/2025,1121,2014,401,2,1740.21,19
950,3/28/2025,1036,2070,404,1,29.29,12
951,5/18/2025,1096,2089,404,0,193.85,10
952,4/4/2025,1007,2023,401,0,4161.7,20
953,8/2/2024,1116,2089,403,2,1307.45,22
954,6/7/2024,1034,2004,402,0,876.06,7
955,5/14/2025,1182,2073,403,3,580.06,21
956,7/9/2024,1032,2051,401,1,1953.18,15
957,12/28/2024,1032,2083,404,1,774.38,25
959,6/28/2024,1193,2024,402,0,215.83,28
960,12/20/2024,1032,2054,401,0,3882.56,17
961,5/17/2025,1080,2092,403,0,1798.2,12
962,12/4/2024,1198,2039,404,0,1181.92,22
963,11/23/2024,1023,2029,402,1,32.55,8
964,5/19/2025,1186,2066,403,1,752.62,16
965,4/11/2025,1182,2049,402,0,1155.46,9
966,5/30/2025,1034,2041,401,3,4703.25,28
967,8/7/2024,1093,2009,402,3,76.26,12
969,4/11/2025,1033,2065,403,3,562.51,26
970,4/18/2025,1158,2007,402,0,255.33,25
971,10/28/2024,1018,2091,401,3,4550.57,20
972,11/23/2024,1066,2050,404,2,717.73,30
973,12/27/2024,1032,2091,401,3,1460.62,27
974,12/19/2024,1198,2046,404,1,131.52,3
975,5/16/2025,1069,2023,401,2,1842.52,9
976,2/12/2025,1134,2041,402,0,2428.4,22
977,5/19/2025,1050,2046,404,1,71.15,18
980,12/3/2024,1172,2066,401,1,1295.89,17
981,12/21/2024,1071,2069,402,1,1907.13,20
982,5/23/2025,1003,2046,401,2,131.49,7
983,2/6/2025,1116,2045,403,3,1541.91,25
984,7/18/2024,1005,2070,402,3,102.34,24
985,1/29/2025,1179,2012,401,0,82.03,19
986,5/9/2025,1066,2064,401,3,1564.92,12
987,12/14/2024,1032,2044,404,3,0,19
988,10/27/2024,1020,2041,403,3,518.71,17
989,4/30/2025,1034,2054,403,3,4880.71,12
990,8/19/2024,1013,2073,404,3,388.75,27
991,4/28/2025,1111,2023,401,3,3322.93,4
992,9/14/2024,1082,2019,401,1,3684.09,29
993,5/3/2025,1005,2023,404,2,3436.35,14
994,8/31/2024,1071,2048,403,2,330.35,13
995,6/10/2024,1026,2039,401,2,1312.82,24
996,7/4/2024,1053,2062,401,3,198.81,20
997,2/1/2025,1080,2057,402,0,1336.35,23
998,1/5/2025,1030,2044,404,0,1496.31,5
999,5/6/2025,1034,2066,402,2,473.07,14
1000,10/11/2024,1116,2091,402,2,3433.66,23
1001,11/23/2024,1111,2051,402,1,1780.26,9
1002,9/23/2024,1149,2075,403,1,1001.27,27
1003,4/20/2025,1191,2054,401,3,2088.12,23
1004,4/26/2025,1115,2013,403,2,4447.63,16
1005,5/15/2025,1101,2023,403,1,826.88,5
1006,1/17/2025,1199,2009,403,2,89.45,17
1007,10/8/2024,1066,2077,402,0,1446.72,7
1008,5/13/2025,1171,2079,404,2,723.47,14
1009,12/1/2024,1020,2015,404,2,511.02,20
1010,6/9/2024,1034,2036,402,3,1090.26,20
1011,12/9/2024,1004,2019,404,2,2056.21,23
1012,7/5/2024,1126,2050,403,3,1300.14,27
1013,5/1/2025,1158,2035,401,1,1952.87,29
1014,2/1/2025,1043,2054,401,0,4032.25,19
1015,7/17/2024,1019,2039,404,1,3125.54,11
1016,7/20/2024,1037,2052,404,1,1339.47,14
1017,5/24/2025,1187,2011,403,0,1679.31,7
1019,3/28/2025,1066,2070,403,2,101.74,23
1020,4/7/2025,1116,2054,404,1,1345.79,4
1021,9/21/2024,1020,2073,401,0,519.1,18
1022,4/25/2025,1034,2067,404,0,213.93,15
1023,11/14/2024,1005,2006,404,0,795.92,25
1024,5/7/2025,1071,2076,403,3,262.91,24
1025,6/22/2024,1066,2013,401,1,954.64,6
1026,9/1/2024,1183,2050,401,2,383.51,23
1027,8/23/2024,1180,2093,401,3,1712.5,17
1028,2/1/2025,1066,2054,404,0,2425.65,23
1029,6/9/2024,1019,2013,403,0,1613.8,27
1030,7/16/2024,1145,2037,402,1,1561.75,22
1031,7/12/2024,1085,2094,403,2,544.4,6
1032,11/22/2024,1077,2066,404,0,850.12,29
1033,8/30/2024,1091,2031,404,0,1911.89,15
1034,1/9/2025,1160,2057,402,2,812.5,5
1035,11/9/2024,1079,2039,403,0,2547.62,8
1036,5/21/2025,1073,2013,404,1,1176.02,17
1038,8/29/2024,1031,2041,401,0,1119.73,27
1039,4/19/2025,1128,2098,402,2,1479.45,22
1040,11/14/2024,1074,2091,403,3,4851.08,18
1041,7/12/2024,1077,2022,404,2,321.39,3
1042,3/8/2025,1106,2038,403,3,783.13,17
1043,4/18/2025,1035,2088,403,2,883.95,5
1044,11/10/2024,1007,2003,404,1,639.66,26
1046,1/24/2025,1195,2058,401,2,1317.27,27
1047,10/12/2024,1020,2088,403,0,1365.11,8
1048,2/24/2025,1071,2071,404,1,656.24,10
1050,12/7/2024,1066,2064,404,0,993.25,17
1051,8/16/2024,1020,2087,404,0,1290.58,25
1052,8/16/2024,1168,2097,402,2,950.09,7
1053,12/24/2024,1070,2089,401,3,602.67,16
1055,11/23/2024,1070,2023,403,1,3678.01,10
1056,11/2/2024,1116,2092,403,1,1537.08,26
1057,10/1/2024,1165,2060,402,2,681.95,6
1059,1/21/2025,1173,2097,402,1,4463.4,17
1060,2/19/2025,1107,2007,403,0,779.93,17
1061,1/5/2025,1116,2046,404,1,78.75,30
1062,1/28/2025,1116,2067,402,0,1353.88,18
1063,8/23/2024,1001,2052,401,3,454.58,14
1064,3/30/2025,1091,2071,402,3,783.43,15
1066,3/28/2025,1064,2045,401,1,195.82,18
1067,12/21/2024,1156,2051,401,0,1877.01,7
1068,5/27/2025,1008,2040,402,0,86.59,16
1069,2/21/2025,1169,2007,402,0,187.99,6
1070,11/9/2024,1020,2061,402,0,1018.36,10
1071,9/1/2024,1122,2029,401,0,123.59,2
1073,11/13/2024,1035,2019,403,2,760.65,11
1074,9/4/2024,1058,2096,401,0,537.35,4
1075,6/25/2024,1032,2013,403,1,1083.72,14
1076,11/4/2024,1168,2041,402,2,4364.42,2
1077,11/16/2024,1093,2037,402,2,1105.77,16
1078,7/14/2024,1105,2079,404,1,4286.41,18
1080,3/7/2025,1005,2004,403,3,1931.94,2
1081,6/26/2024,1098,2048,404,1,409.63,15
1082,11/14/2024,1020,2054,401,2,4583.52,7
1083,3/24/2025,1193,2039,404,0,2989.82,18
1084,5/16/2025,1073,2068,404,2,793.52,30
1085,2/27/2025,1033,2035,403,1,1831.21,26
1086,12/20/2024,1020,2084,403,0,1158.46,17
1088,1/9/2025,1104,2019,403,2,2481.98,24
1089,9/14/2024,1066,2016,402,1,1329.16,14
1091,2/13/2025,1065,2054,401,2,2781.22,26
1093,6/11/2024,1092,2046,403,2,32.44,17
1094,6/20/2024,1151,2039,402,2,2204.78,2
1095,12/22/2024,1038,2083,401,1,1995.74,30
1096,1/4/2025,1137,2067,401,3,430.3,10
1097,12/20/2024,1084,2054,402,0,2502.53,20
1098,5/17/2025,1020,2064,401,3,925.49,17
1099,11/9/2024,1032,2031,404,1,1601.92,29
1100,10/16/2024,1005,2018,404,1,1758.99,26
1101,6/7/2024,1020,2091,404,1,4252.36,6
1102,6/11/2024,1066,2097,404,2,3636.18,28
1103,9/7/2024,1086,2043,401,0,1845.41,17
1104,5/15/2025,1161,2055,403,1,1461.23,20
1105,12/24/2024,1130,2013,403,3,2473.64,10
1106,12/5/2024,1197,2041,404,3,2228.3,29
1107,3/3/2025,1010,2094,402,2,1250.18,28
1108,7/12/2024,1030,2091,404,1,4629.62,24
1109,5/29/2025,1059,2018,401,1,1809.96,2
1110,5/17/2025,1049,2013,403,3,2844.02,20
1111,4/1/2025,1028,2015,404,3,1735.78,4
1112,5/30/2025,1029,2010,402,2,703.91,16
1113,11/20/2024,1172,2090,403,0,1868.12,13
1114,3/18/2025,1142,2080,401,0,1193.37,26
1115,4/17/2025,1071,2023,404,3,1393.58,26
1117,8/13/2024,1067,2080,402,3,1910.95,2
1118,4/18/2025,1074,2062,404,3,476.91,28
1119,5/19/2025,1195,2091,403,3,2591.31,7
1120,10/7/2024,1005,2099,404,3,1390.08,16
1121,6/13/2024,1055,2052,401,2,669.36,22
1122,11/2/2024,1102,2013,403,1,4183.36,22
1123,10/4/2024,1146,2068,402,0,1245.94,11
1124,10/11/2024,1005,2002,404,2,1545.34,21
1125,12/15/2024,1132,2097,402,3,1532.01,3
1126,3/21/2025,1084,2070,402,0,115.72,18
1128,6/15/2024,1096,2016,403,0,1458.12,30
1129,3/6/2025,1003,2069,402,3,1231.1,10
1130,10/5/2024,1131,2038,403,0,1329.3,15
1131,11/25/2024,1023,2079,403,1,4969.19,15
1132,2/19/2025,1195,2013,404,0,1544.52,3
1133,10/26/2024,1164,2029,401,1,141.89,17
1135,2/24/2025,1009,2070,404,2,115.71,12
1136,3/18/2025,1080,2030,403,3,1724.37,19
1137,5/30/2025,1066,2009,404,0,114.74,21
1138,8/9/2024,1029,2079,404,3,4433.97,18
1139,11/9/2024,1066,2037,403,2,373.59,23
1140,9/27/2024,1157,2047,403,1,1857.81,11
1141,2/15/2025,1034,2091,401,1,801.72,15
1142,5/24/2025,1048,2019,404,0,3175.05,10
1143,6/29/2024,1057,2009,402,3,52.81,17
1145,9/22/2024,1026,2097,404,2,3817.69,14
1146,12/30/2024,1053,2035,402,1,2639.59,12
1147,6/1/2024,1034,2091,404,2,3920.03,16
1148,9/7/2024,1198,2060,403,2,1772.41,14
1149,4/5/2025,1162,2091,402,3,4050.34,2
1150,1/31/2025,1111,2022,401,3,724.68,25
1151,11/11/2024,1048,2022,401,2,60.95,4
1152,10/4/2024,1089,2064,401,0,1301.26,3
1153,11/4/2024,1180,2013,401,3,3345.08,18
1154,11/30/2024,1165,2013,401,1,1296.08,27
1155,4/9/2025,1066,2013,403,2,1373.82,26
1156,12/29/2024,1089,2021,403,3,1352.06,19
1157,6/27/2024,1116,2010,402,2,1393,10
1158,11/8/2024,1000,2070,403,3,107.48,17
1159,12/19/2024,1029,2023,401,0,4049.32,22
1160,8/29/2024,1020,2031,403,1,1489.32,15
1161,10/4/2024,1073,2023,403,1,1396.51,11
1162,5/24/2025,1112,2091,403,2,2853.69,13
1163,3/31/2025,1043,2039,404,1,2452.34,23
1164,1/12/2025,1073,2097,403,1,2604.6,7
1165,6/14/2024,1116,2059,403,3,1807.49,20
1166,10/9/2024,1089,2001,402,2,1810.81,19
1167,8/17/2024,1041,2023,401,3,3625.24,16
1168,2/21/2025,1062,2054,403,3,4868.45,14
1169,4/18/2025,1129,2079,403,3,1238.12,30
1170,8/9/2024,1152,2067,402,1,699.64,2
1171,5/17/2025,1079,2018,403,1,1334.29,18
1172,8/23/2024,1020,2035,402,1,2999.07,19
1173,3/11/2025,1116,2046,404,3,126.39,16
1174,2/9/2025,1024,2040,402,2,124.77,9
1175,2/20/2025,1100,2044,404,0,1236.62,27
1176,3/8/2025,1087,2000,404,1,416.54,10
1177,8/26/2024,1086,2023,404,2,4195.74,4
1178,6/15/2024,1107,2079,401,0,3797.02,2
1179,1/17/2025,1003,2023,404,0,4819.64,28
1180,11/5/2024,1077,2094,401,3,1572.96,19
1181,2/12/2025,1093,2023,404,3,860.04,16
1182,6/3/2024,1181,2025,404,3,287.03,3
1183,11/30/2024,1153,2032,404,2,95.88,16
1184,9/18/2024,1106,2054,403,0,664.76,4
1185,2/23/2025,1066,2016,402,3,723.5,23
1187,12/28/2024,1025,2092,401,2,93.65,29
1188,5/15/2025,1167,2010,404,1,1990.09,12
1189,12/30/2024,1062,2006,403,1,902.04,8
1190,2/28/2025,1070,2005,404,2,844.01,6
1191,6/8/2024,1033,2091,403,1,1960.74,29
1192,6/28/2024,1182,2058,404,2,977.43,12
1193,12/16/2024,1081,2046,402,3,107.68,23
1194,1/25/2025,1008,2073,401,2,1508.62,2
1195,12/10/2024,1192,2046,401,1,89.08,2
1196,11/9/2024,1192,2071,404,3,306.81,24
1197,12/28/2024,1024,2027,401,1,1545.41,22
1198,5/27/2025,1140,2096,402,2,758.19,5
1199,7/15/2024,1162,2040,404,3,74.95,7
1200,3/30/2025,1045,2000,403,1,241.73,7
1201,12/21/2024,1107,2081,401,1,1031.55,29
1202,7/5/2024,1104,2041,402,3,4783.31,29
1203,6/10/2024,1167,2065,402,1,1459.97,25
1204,9/7/2024,1182,2041,402,0,2575.31,29
1205,9/9/2024,1061,2059,401,2,1822.31,14
1206,9/9/2024,1017,2013,404,3,816.65,27
1207,11/9/2024,1183,2091,401,0,2292.79,12
1208,3/29/2025,1093,2065,404,0,1701.79,4
1209,3/4/2025,1028,2046,404,1,121.38,13
1210,8/26/2024,1066,2090,404,2,1393.93,15
1211,10/11/2024,1066,2076,401,1,100.58,2
1212,4/19/2025,1182,2023,403,3,1194.99,27
1214,12/22/2024,1184,2066,404,1,1305.51,18
1215,12/23/2024,1133,2062,402,3,1799.41,20
1216,6/7/2024,1087,2035,402,0,2104.26,30
1217,11/22/2024,1003,2067,402,2,827.06,19
1218,7/12/2024,1017,2097,401,0,2853.27,15
1219,9/8/2024,1046,2083,402,3,1959.79,10
1220,9/17/2024,1190,2019,402,0,1597.73,4
1221,3/6/2025,1025,2006,403,0,276.99,29
1222,7/6/2024,1071,2038,401,0,913.15,24
1223,1/11/2025,1162,2058,401,3,1010.58,3
1224,8/12/2024,1131,2041,403,1,3550.29,7
1226,12/1/2024,1005,2012,404,1,261.99,9
1227,9/4/2024,1078,2070,404,2,39.44,30
1228,1/24/2025,1049,2021,402,1,1057.11,26
1229,11/26/2024,1106,2034,402,3,1677.16,25
1230,10/26/2024,1186,2095,403,3,1537.26,7
1231,6/3/2024,1014,2045,402,2,1423.46,5
1232,8/25/2024,1075,2003,403,3,1141.95,18
1233,8/22/2024,1032,2013,401,2,4736.72,22
1234,12/25/2024,1011,2049,404,3,159.42,28
1235,10/16/2024,1112,2014,404,0,1561.72,24
1236,11/9/2024,1116,2073,402,3,1166.83,4
1237,3/6/2025,1135,2088,401,0,1413.54,27
1238,2/24/2025,1092,2057,402,3,756.3,28
1239,8/22/2024,1066,2013,402,3,4127.29,20
1241,12/4/2024,1137,2073,403,0,1949.74,10
1242,3/13/2025,1131,2011,404,1,1545.87,7
1243,11/14/2024,1115,2094,402,0,1171.69,21
1244,11/20/2024,1189,2055,401,2,0,25
1245,3/31/2025,1071,2029,403,2,101.51,18
1246,8/23/2024,1090,2091,402,1,1317.14,20
1247,6/12/2024,1010,2069,403,2,1860.51,14
1248,1/18/2025,1116,2034,402,1,103.23,24
1249,4/18/2025,1031,2048,401,1,921.28,10
1250,11/4/2024,1005,2015,401,0,458.79,18
1251,5/10/2025,1091,2040,404,0,60.38,8
1252,9/13/2024,1032,2079,404,0,4755.79,30
1253,4/3/2025,1166,2009,404,0,48.46,19
1254,1/13/2025,1036,2022,401,1,966.13,3
1255,6/17/2024,1053,2084,403,3,867.52,21
1256,8/11/2024,1038,2085,402,0,108.46,8
1258,11/24/2024,1036,2005,404,1,79.13,20
1259,4/25/2025,1066,2091,404,3,3214.72,10
1260,1/8/2025,1120,2032,402,2,1353.44,18
1261,7/11/2024,1146,2035,402,1,869.85,15
1262,7/11/2024,1157,2035,403,2,4882.81,6
1263,1/23/2025,1147,2034,402,2,1179.77,14
1265,9/6/2024,1002,2061,403,3,468.93,14
1266,1/1/2025,1030,2083,403,1,1623.63,8
1268,5/20/2025,1071,2014,401,2,727.87,20
1269,11/20/2024,1021,2064,402,1,1377.12,10
1270,3/11/2025,1089,2099,402,0,757.18,3
1271,9/3/2024,1135,2023,401,1,3879.97,20
1273,11/2/2024,1107,2059,403,2,?,27
1275,3/29/2025,1062,2020,404,1,733.29,2
1276,9/1/2024,1035,2015,402,1,1533.14,22
1277,6/5/2024,1020,2098,404,3,293.49,28
1278,2/26/2025,1018,2096,403,0,1787.68,13
1279,7/18/2024,1149,2091,403,0,3792.92,17
1280,5/17/2025,1061,2085,404,3,1294.22,13
1281,4/13/2025,1185,2032,403,2,212.03,20
1282,7/13/2024,1062,2028,404,0,1661.21,6
1284,1/11/2025,1066,2035,403,3,3732.3,4
1285,6/17/2024,1112,2073,401,3,100,19
1286,12/19/2024,1089,2079,401,2,3573.55,11
1287,10/19/2024,1070,2006,403,2,363.15,4
1288,12/17/2024,1165,2046,403,1,129.93,24
1289,10/12/2024,1189,2029,403,0,22.66,22
1290,11/7/2024,1163,2079,402,3,4126.54,4
1291,4/25/2025,1043,2009,402,2,85.36,16
1292,11/4/2024,1050,2039,404,1,2897.72,2
1293,11/4/2024,1026,2094,403,0,488.41,23
1294,3/30/2025,1116,2035,401,1,1516.25,11
1295,1/13/2025,1034,2013,404,3,4992.68,14
1296,8/19/2024,1005,2049,403,2,563.94,12
1297,10/26/2024,1060,2040,401,1,125.84,18
1298,2/7/2025,1148,2097,404,0,3218.41,29
1299,2/15/2025,1165,2028,404,0,903.85,20
1300,12/24/2024,1116,2091,401,3,1165.46,18
1301,1/30/2025,1020,2093,401,3,1540.51,29
1302,7/26/2024,1169,2068,403,3,1102.24,11
1303,1/29/2025,1001,2006,403,0,1083.06,15
1304,2/20/2025,1063,2099,402,0,1015.2,8
1305,7/20/2024,1005,2087,404,3,320.09,18
1306,10/17/2024,1089,2079,403,1,1402.73,9
1309,4/28/2025,1017,2024,404,1,239.08,15
1310,1/30/2025,1089,2056,402,3,125.61,12
1311,12/12/2024,1030,2039,403,1,1253.23,29
1312,7/12/2024,1116,2043,404,3,1890.82,23
1313,1/23/2025,1071,2030,404,3,164.32,18
1314,5/26/2025,1168,2075,401,0,675.08,29
1315,12/9/2024,1136,2096,402,1,436.18,30
1316,5/12/2025,1111,2062,401,2,1238.84,28
1317,10/3/2024,1197,2013,401,0,3143.61,27
1319,5/19/2025,1005,2067,402,0,242.37,17
1320,5/15/2025,1182,2029,404,0,63.41,29
1321,4/26/2025,1020,2035,403,3,2173.03,17
1322,4/4/2025,1116,2079,403,3,3695.78,20
1323,4/27/2025,1167,2034,404,3,785.41,20
1325,2/1/2025,1066,2091,401,2,3830.42,20
1326,5/16/2025,1177,2068,403,2,282.83,15
1327,3/29/2025,1022,2063,402,0,263.22,17
1328,9/2/2024,1047,2019,402,2,1142.41,12
1330,4/12/2025,1044,2025,401,1,1035.91,24
1331,9/1/2024,1085,2056,401,0,1223.24,7
1332,9/26/2024,1089,2019,404,0,1264.62,23
1334,6/26/2024,1145,2035,401,0,4207.99,9
1335,11/27/2024,1098,2039,404,1,3256.74,17
1336,10/17/2024,1116,2019,404,2,1790.89,23
1337,2/21/2025,1099,2020,403,3,330.77,24
1338,11/22/2024,1138,2051,402,2,841.3,17
1339,4/20/2025,1115,2049,404,2,309.57,12
1340,12/10/2024,1071,2093,403,3,648.45,11
1342,8/4/2024,1132,2056,401,3,386.06,3
1343,5/26/2025,1196,2079,402,2,4406.14,11
1344,7/25/2024,1080,2097,401,0,539.01,16
1345,4/12/2025,1066,2040,402,1,19.24,19
1346,1/2/2025,1114,2090,402,0,361.63,17
1347,4/19/2025,1066,2079,404,3,1765.56,25
1348,4/7/2025,1066,2018,404,0,792.85,22
1349,10/30/2024,1034,2046,404,1,12.78,30
1351,11/2/2024,1071,2041,403,0,4926.07,30
1352,12/1/2024,1151,2021,403,1,1964.97,29
1353,4/28/2025,1089,2006,402,2,894.25,3
1354,6/18/2024,1194,2084,401,0,1957.58,29
1355,1/2/2025,1004,2029,404,0,47.84,14
1356,10/28/2024,1131,2054,404,1,3736.03,28
1357,12/15/2024,1068,2091,401,2,4531.19,8
1359,7/7/2024,1034,2043,401,3,695.26,25
1360,1/21/2025,1014,2025,401,0,0,4
1361,3/17/2025,1034,2049,403,1,434.73,3
1362,5/28/2025,1047,2093,401,0,1949.67,5
1363,9/16/2024,1147,2089,401,0,1704.8,23
1364,3/3/2025,1005,2075,403,2,539.35,5
1365,10/17/2024,1034,2087,403,1,172.43,10
1366,10/17/2024,1158,2055,401,3,1501.32,22
1367,7/7/2024,1092,2077,401,2,1497.28,14
1368,11/28/2024,1195,2069,402,1,738.15,15
1369,11/23/2024,1103,2059,404,3,97.74,21
1370,7/28/2024,1161,2054,401,1,4757.19,2
1372,5/16/2025,1058,2039,404,1,3496.05,29
1373,10/19/2024,1089,2077,403,3,861.87,16
1374,6/6/2024,1040,2040,404,1,57.75,16
1376,5/12/2025,1080,2060,403,2,1808.62,16
1377,5/20/2025,1146,2029,402,1,75.77,17
1378,6/8/2024,1024,2018,403,3,1805.84,11
1379,5/14/2025,1017,2099,402,2,759.38,15
1380,3/12/2025,1057,2041,403,3,4026.58,5
1381,5/17/2025,1080,2068,402,1,1215.3,23
1382,7/20/2024,1188,2067,403,3,1646.24,12
1384,8/1/2024,1142,2091,403,2,1390.01,30
1386,7/29/2024,1096,2080,404,3,1245.51,14
1387,3/5/2025,1082,2072,401,0,1441.65,13
1388,12/2/2024,1035,2097,402,1,2121.43,5
1389,10/21/2024,1089,2063,404,3,822.18,8
1390,8/3/2024,1053,2014,403,0,1137.48,30
1391,6/22/2024,1057,2005,402,1,318.46,5
1392,10/7/2024,1162,2002,403,3,128.25,14
1393,12/24/2024,1032,2019,403,1,1185.15,29
1394,6/4/2024,1159,2097,403,1,3893.77,25
1395,9/13/2024,1020,2083,403,3,1320.25,10
1396,12/6/2024,1047,2079,401,1,3065.93,23
1397,2/28/2025,1172,2039,403,0,1534.15,9
1398,4/23/2025,1055,2039,401,1,1428.59,16
1399,5/13/2025,1083,2050,402,3,606.42,21
1400,5/28/2025,1063,2019,401,0,4760.54,22
1402,11/11/2024,1019,2013,403,0,1682.27,13
1403,5/8/2025,1052,2013,404,0,1556.61,30
1405,11/4/2024,1009,2059,404,0,135.87,21
1406,6/28/2024,1071,2092,404,2,580.33,15
1407,4/17/2025,1032,2083,401,3,1420.75,24
1408,3/17/2025,1190,2054,401,3,2950.66,16
1409,10/27/2024,1185,2018,403,2,1181.41,21
1410,10/26/2024,1196,2091,404,3,1639.4,2
1411,7/27/2024,1165,2096,402,2,1726.44,16
1412,1/3/2025,1138,2095,402,1,1594.94,29
1413,3/29/2025,1107,2064,401,0,1123.37,5
1414,5/11/2025,1175,2042,404,2,820.17,6
1415,1/17/2025,1147,2052,401,3,1403.19,28
1416,3/1/2025,1129,2063,402,2,841.93,29
1418,3/30/2025,1017,2019,404,3,3189.02,6
1419,10/16/2024,1077,2075,404,0,1955.18,21
1420,12/3/2024,1065,2049,401,2,1385.45,30
1421,5/30/2025,1124,2011,404,0,1462.34,27
1422,2/14/2025,1116,2043,402,3,654.14,15
1423,3/11/2025,1055,2012,401,0,916.64,18
1424,12/3/2024,1178,2068,401,0,1007.64,21
1425,4/27/2025,1041,2039,403,1,845.69,9
1426,11/28/2024,1005,2083,402,0,485.67,25
1427,4/14/2025,1126,2091,401,1,4904.59,12
1432,11/8/2024,1059,2041,402,3,769.97,4
1433,3/15/2025,1020,2001,403,1,525.17,13
1434,11/28/2024,1032,2027,401,0,297.56,2
1435,12/5/2024,1017,2009,402,3,60.64,25
1436,9/1/2024,1015,2005,403,0,1466.67,25
1437,10/27/2024,1057,2016,404,3,1523.09,9
1438,8/4/2024,1073,2009,404,3,21.88,11
1439,4/24/2025,1034,2050,403,2,1093.82,18
1440,10/11/2024,1120,2049,402,0,1951.69,27
1441,12/11/2024,1016,2041,403,1,4576.15,23
1442,4/29/2025,1089,2024,403,3,1215.63,5
1443,1/24/2025,1116,2088,403,2,1128.16,15
1444,8/24/2024,1133,2041,402,2,3413.65,25
1445,12/2/2024,1032,2072,404,1,190.5,13
1446,7/22/2024,1140,2000,401,2,936.78,28
1447,5/29/2025,1070,2053,402,3,1004.64,16
1448,7/16/2024,1080,2023,401,0,816.26,6
1449,7/15/2024,1032,2095,404,0,708.33,19
1450,1/2/2025,1110,2035,403,2,1182.66,8
1451,12/15/2024,1056,2079,402,0,910.3,2
1452,2/24/2025,1069,2015,401,3,946.04,24
1453,8/8/2024,1071,2013,402,3,3198.72,13
1454,11/1/2024,1066,2052,404,3,1513.85,3
1455,6/10/2024,1052,2062,404,2,1023.11,12
1456,12/30/2024,1155,2023,401,3,2318.03,4
1457,8/30/2024,1070,2041,402,3,3589.21,14
1458,12/18/2024,1016,2002,404,2,1007.37,7
1459,2/17/2025,1022,2044,402,2,378.66,22
1460,4/10/2025,1153,2025,401,2,495.73,6
1461,2/9/2025,1034,2097,403,2,2461.52,26
1462,4/16/2025,1005,2070,401,0,90.17,14
1463,3/14/2025,1189,2097,404,1,4134.78,29
1464,8/20/2024,1017,2034,402,3,769.41,25
1465,8/14/2024,1047,2013,403,2,593.23,22
1466,12/4/2024,1116,2091,402,1,4254.26,2
1467,12/20/2024,1062,2090,401,1,1521.3,8
1468,6/29/2024,1000,2097,404,3,3768.06,17
1469,4/23/2025,1165,2045,404,3,1722.96,2
1470,7/23/2024,1066,2047,403,3,634.06,4
1471,6/11/2024,1192,2079,402,1,1858.87,5
1472,9/8/2024,1071,2032,404,3,449.15,30
1473,7/25/2024,1062,2081,401,0,1823.31,3
1475,6/29/2024,1079,2021,401,1,1145.1,10
1476,6/26/2024,1161,2003,404,3,686.76,25
1477,10/25/2024,1149,2091,404,0,2965.95,2
1478,2/28/2025,1039,2048,403,3,1288.65,20
1479,7/30/2024,1050,2079,403,0,554.52,19
1480,7/26/2024,1049,2019,404,2,1447.77,12
1481,5/29/2025,1034,2091,401,1,2720.67,24
1482,7/5/2024,1087,2047,404,2,1118.45,30
1483,4/26/2025,1161,2067,402,2,1567.68,7
1484,9/9/2024,1111,2042,403,3,1203.8,21
1485,3/21/2025,1037,2028,402,1,1409.89,15
1486,12/4/2024,1102,2042,403,1,1899.56,12
1487,1/20/2025,1014,2055,402,0,772.24,15
1488,10/3/2024,1125,2050,402,1,1240.62,15
1489,8/8/2024,1089,2010,401,0,885.66,4
1490,4/25/2025,1178,2006,401,0,1968.22,7
1492,6/17/2024,1010,2024,402,3,1207.07,3
1493,12/30/2024,1156,2019,404,2,3992.34,21
1494,12/6/2024,1057,2004,404,1,1630.03,23
1495,10/22/2024,1075,2051,404,1,1701.89,12
1497,7/16/2024,1038,2036,403,1,898.9,22
1498,7/21/2024,1171,2075,403,1,1329.55,13
1499,10/24/2024,1088,2013,403,3,4849.49,8
1500,3/14/2025,1115,2054,404,1,0,28
1502,12/1/2024,1051,2053,401,2,1610.41,26
1503,10/27/2024,1032,2064,402,2,1722.66,20
1504,2/26/2025,1100,2075,402,0,1452.26,5
1506,6/28/2024,1106,2077,402,1,635.55,10
1507,1/15/2025,1071,2074,403,0,129.06,24
1508,5/16/2025,1101,2013,401,2,4547.72,18
1509,5/10/2025,1020,2084,401,1,1127.1,18
1510,3/13/2025,1099,2042,402,1,887.53,25
1511,10/11/2024,1032,2023,403,2,2370.09,13
1512,4/29/2025,1116,2097,403,0,1200.06,3
1513,7/21/2024,1061,2041,402,3,2752.08,14
1514,4/3/2025,1130,2039,403,2,2089.58,5
1515,11/1/2024,1020,2079,401,1,1221.53,21
1517,11/14/2024,1198,2027,402,3,1508.08,4
1518,6/29/2024,1058,2099,404,3,1302.93,28
1520,10/14/2024,1001,2059,401,0,1144.75,17
1521,7/19/2024,1032,2070,403,0,99.33,9
1522,9/9/2024,1108,2019,401,1,4170.62,27
1524,6/10/2024,1083,2019,402,0,928.21,29
1525,9/16/2024,1031,2035,401,2,3922.85,18
1526,3/2/2025,1020,2070,403,2,66.51,13
1527,5/8/2025,1107,2054,403,1,4770.43,4
1528,12/24/2024,1032,2054,404,2,4728.46,24
1529,4/25/2025,1089,2039,401,0,3779.37,25
1530,7/23/2024,1174,2052,401,2,1473.21,17
1531,4/5/2025,1060,2035,404,2,2320.34,14
1532,12/24/2024,1073,2039,401,2,2739.55,9
1533,5/24/2025,1048,2088,402,0,535.12,24
1534,2/11/2025,1071,2093,401,1,589.27,3
1535,7/18/2024,1071,2089,401,2,331.55,20
1536,2/17/2025,1094,2046,404,2,38.22,15
1537,1/7/2025,1089,2035,404,2,1634.5,18
1538,11/15/2024,1034,2067,403,0,324.36,7
1539,9/22/2024,1003,2097,401,2,1509.42,6
1540,8/23/2024,1122,2034,402,3,83.43,28
1541,9/5/2024,1056,2070,402,2,106.59,23
1542,9/20/2024,1079,2002,401,0,601.49,9
1543,3/24/2025,1171,2078,402,0,88.16,5
1544,3/8/2025,1107,2000,404,0,1455.72,26
1545,11/12/2024,1069,2080,404,2,970.12,7
1546,8/21/2024,1034,2045,404,2,890.11,9
1547,12/18/2024,1026,2017,402,0,854.1,21
1548,5/31/2025,1032,2028,402,0,72.81,10
1549,12/23/2024,1020,2057,402,1,232.34,8
1551,1/17/2025,1001,2062,402,2,1032.22,15
1552,9/3/2024,1000,2044,403,1,240.15,26
1553,1/3/2025,1020,2023,402,1,1440.82,6
1555,10/25/2024,1194,2079,402,1,534.3,15
1556,10/27/2024,1175,2053,401,1,349.79,3
1557,7/16/2024,1116,2097,403,1,3174.21,28
1558,1/18/2025,1032,2078,404,2,1856.12,4
1559,3/20/2025,1050,2048,404,0,297.22,19
1560,6/23/2024,1136,2014,404,1,400.6,8
1561,4/18/2025,1061,2065,401,0,1098.25,11
1562,9/14/2024,1034,2005,404,1,1590.55,14
1563,2/6/2025,1116,2009,404,0,55.06,9
1564,8/8/2024,1086,2013,401,0,3753.91,12
1565,7/6/2024,1066,2035,404,0,4524.32,29
1566,1/13/2025,1034,2045,403,0,1032.84,7
1567,9/27/2024,1040,2023,404,0,4209.61,4
1568,9/26/2024,1010,2046,401,3,93.89,2
1569,6/1/2024,1062,2081,403,2,840.11,3
1570,12/18/2024,1116,2065,402,2,764.11,11
1571,3/28/2025,1096,2070,401,0,43.65,2
1572,12/27/2024,1117,2002,402,0,141.62,13
1573,7/21/2024,1135,2097,401,2,3397,2
1574,12/14/2024,1063,2048,402,0,522.34,14
1575,1/25/2025,1005,2037,402,2,359.26,24
1576,9/7/2024,1183,2097,404,2,1633.32,6
1577,11/22/2024,1005,2079,402,2,4398.23,26
1578,6/19/2024,1058,2047,403,1,1920.48,22
1579,5/1/2025,1066,2039,404,2,4819.87,19
1580,12/10/2024,1005,2093,401,1,587.09,29
1581,2/18/2025,1034,2043,401,0,618.18,13
1582,8/24/2024,1089,2097,403,0,1498.45,17
1583,7/29/2024,1066,2058,404,0,1232.59,15
1584,8/22/2024,1161,2063,402,2,126.46,6
1585,11/7/2024,1066,2096,404,2,235.85,25
1587,5/31/2025,1066,2046,401,0,62.82,7
1588,11/25/2024,1067,2076,401,3,1770.45,26
1590,4/16/2025,1147,2097,403,3,2043.28,20
1591,6/12/2024,1005,2023,402,1,2530.81,19
1592,10/13/2024,1023,2013,403,3,692.84,26
1593,10/25/2024,1089,2079,404,0,931.93,4
1594,2/27/2025,1004,2024,401,1,825.77,23
1596,5/16/2025,1065,2045,401,1,262.11,30
1597,1/3/2025,1195,2018,402,2,1928.1,28
1598,7/19/2024,1141,2097,404,2,2645.99,20
1599,1/22/2025,1135,2013,402,2,1058.62,16
1600,7/13/2024,1176,2077,401,0,607.24,18
1601,8/15/2024,1032,2074,402,3,1166.79,26
1602,10/28/2024,1075,2082,404,2,1577.88,27
1603,12/21/2024,1145,2054,401,2,4065.34,13
1604,4/11/2025,1048,2035,403,3,3019.32,19
1605,5/10/2025,1179,2097,404,0,2379.67,25
1606,4/24/2025,1044,2039,402,1,3481.44,20
1607,4/30/2025,1133,2097,401,2,4537.63,14
1608,5/17/2025,1030,2088,404,1,1538.06,17
1609,12/13/2024,1020,2097,404,2,827.62,30
1610,3/31/2025,1032,2012,402,2,1961.92,5
1611,3/1/2025,1049,2051,402,2,580.21,24
1613,11/2/2024,1016,2014,404,0,427,6
1614,12/29/2024,1006,2019,404,2,3334.38,2
1615,7/2/2024,1013,2099,402,1,1901.38,27
1616,1/10/2025,1012,2028,403,3,1217.73,24
1617,11/2/2024,1032,2092,404,3,1212.81,14
1618,10/17/2024,1023,2062,404,0,1152.57,9
1620,9/4/2024,1080,2021,402,3,1112.14,5
1622,9/6/2024,1171,2046,404,2,36.65,6
1623,11/18/2024,1139,2041,401,1,1953.6,29
1624,7/29/2024,1130,2019,404,0,1422.01,29
1625,9/11/2024,1032,2018,404,3,382.12,5
1626,8/17/2024,1116,2062,402,1,1864.64,18
1627,11/10/2024,1087,2062,404,3,501.68,11
1628,3/29/2025,1066,2022,403,2,1513.03,30
1629,5/17/2025,1005,2015,404,0,1879.48,21
1630,9/6/2024,1199,2001,403,3,214.49,5
1631,4/5/2025,1089,2029,401,2,56.91,12
1632,5/29/2025,1175,2039,402,1,3067.78,20
1633,10/11/2024,1116,2005,403,2,1742.75,6
1634,5/16/2025,1034,2004,402,3,1216.53,2
1635,2/2/2025,1074,2038,403,0,602.95,11
1636,11/20/2024,1117,2096,401,3,1851.12,26
1638,3/13/2025,1016,2084,404,3,342.34,20
1639,1/2/2025,1129,2019,402,1,3873.94,17
1640,3/16/2025,1174,2051,402,1,1406.23,29
1641,4/20/2025,1092,2049,404,2,1159.93,26
1642,6/14/2024,1020,2022,403,2,1871.75,21
1643,11/2/2024,1050,2039,403,1,1098.94,12
1644,12/11/2024,1068,2028,402,0,370.62,11
1645,7/5/2024,1083,2054,404,2,4858.83,3
1646,8/10/2024,1056,2028,403,2,1727.88,18
1647,5/10/2025,1005,2003,404,3,1139.44,21
1648,6/7/2024,1124,2036,403,1,1265.2,9
1649,4/18/2025,1147,2019,404,1,2846.94,6
1650,2/8/2025,1068,2011,403,2,622.62,27
1651,7/15/2024,1051,2023,403,1,2641.35,15
1654,12/30/2024,1031,2067,404,1,63.12,10
1655,10/23/2024,1089,2017,403,3,1913.31,28
1656,4/13/2025,1106,2057,404,1,1426.9,20
1657,12/6/2024,1171,2054,404,2,4287.09,24
1658,9/26/2024,1077,2015,401,3,99.52,20
1659,5/9/2025,1034,2041,403,1,1563.9,12
1660,1/11/2025,1029,2040,401,2,14.73,24
1661,8/24/2024,1142,2087,401,2,1073.34,30
1662,10/31/2024,1183,2063,402,3,620.7,6
1663,11/8/2024,1033,2065,402,2,1919.45,8
1664,12/9/2024,1044,2013,402,0,3229.61,6
1665,4/19/2025,1160,2009,401,0,82.74,14
1667,12/7/2024,1032,2023,403,2,4879.83,18
1668,12/18/2024,1034,2073,401,0,1562.26,16
1669,1/24/2025,1168,2093,401,1,1922.68,11
1670,1/11/2025,1032,2025,404,1,1328.02,15
1671,5/20/2025,1007,2029,402,1,133.42,12
1672,5/16/2025,1083,2074,401,1,330.55,2
1673,4/25/2025,1093,2031,402,2,288.21,22
1674,2/17/2025,1190,2028,402,2,88.14,2
1675,10/12/2024,1147,2099,404,0,921.31,19
1676,3/29/2025,1112,2039,402,1,1609.2,15
1677,4/26/2025,1134,2092,401,2,1904.91,23
1678,5/13/2025,1033,2019,402,3,3767.49,5
1679,6/23/2024,1034,2033,404,3,1036.54,27
1680,12/19/2024,1053,2092,403,2,1292.98,7
1681,11/2/2024,1034,2041,403,3,4166.03,3
1682,4/10/2025,1028,2044,402,0,340.97,25
1683,12/21/2024,1186,2095,403,0,982.04,8
1684,1/16/2025,1049,2035,401,3,3590.48,16
1685,12/3/2024,1029,2013,402,0,1031.36,10
1687,7/8/2024,1005,2023,401,0,3753.5,11
1688,1/19/2025,1194,2031,402,1,1165.17,26
1689,11/14/2024,1137,2023,404,2,966.33,16
1690,3/7/2025,1025,2013,404,1,4369.3,4
1691,12/21/2024,1034,2041,404,1,2150.27,6
1692,5/21/2025,1016,2094,401,1,1159.3,8
1693,10/17/2024,1149,2002,401,3,587.15,3
1694,11/11/2024,1083,2049,403,1,102.73,11
1695,5/11/2025,1199,2023,404,3,3264.13,21
1696,11/28/2024,1071,2039,401,0,4378.84,13
1697,6/10/2024,1116,2067,401,2,359.27,22
1698,4/19/2025,1001,2041,401,0,2134.34,4
1699,4/28/2025,1144,2081,404,2,773.23,8
1700,12/24/2024,1089,2054,402,2,978.91,6
1701,4/4/2025,1111,2013,401,0,619.9,23
1702,5/1/2025,1141,2091,404,0,2407.12,22
1703,6/19/2024,1066,2085,403,1,1743.44,28
1704,7/16/2024,1015,2025,401,0,950.8,18
1705,9/3/2024,1034,2036,403,2,439.01,28
1706,11/5/2024,1071,2039,404,2,3665.33,11
1707,12/26/2024,1052,2013,403,1,1204.63,30
1708,3/24/2025,1065,2050,404,0,174.95,14
1709,9/7/2024,1032,2013,403,3,4842.86,6
1710,1/3/2025,1066,2006,404,3,542.02,8
1711,6/8/2024,1149,2097,401,2,1917.71,30
1712,1/23/2025,1081,2005,403,0,630.38,14
1713,4/1/2025,1101,2067,404,0,1201.12,3
1714,1/31/2025,1097,2095,403,3,339.46,29
1715,11/29/2024,1124,2034,402,1,901.94,11
1716,8/26/2024,1131,2076,403,0,919.83,12
1718,3/28/2025,1043,2079,401,0,3471.98,13
1719,9/14/2024,1139,2010,402,3,1800.02,13
1720,7/6/2024,1005,2068,403,0,1710.23,15
1721,5/22/2025,1066,2029,402,3,133.68,29
1722,12/7/2024,1059,2056,403,0,170.34,8
1723,6/12/2024,1107,2060,401,1,791.49,28
1724,7/6/2024,1023,2085,401,3,1201.34,19
1725,3/16/2025,1108,2064,402,3,1998.14,23
1726,5/8/2025,1162,2013,403,0,4057.12,7
1727,3/16/2025,1090,2063,402,2,1626.54,28
1728,12/15/2024,1005,2099,404,3,1298,5
1729,4/21/2025,1179,2078,404,1,1874.34,9
1731,7/30/2024,1091,2031,404,1,?,29
1732,5/21/2025,1199,2097,404,1,4461.5,14
1733,7/27/2024,1122,2097,404,0,3304.58,20
1734,6/28/2024,1054,2014,402,1,1752.61,23
1735,2/13/2025,1071,2052,401,1,546.3,27
1736,12/16/2024,1089,2089,401,2,592.91,24
1737,10/1/2024,1066,2054,403,1,1731.2,11
1738,3/15/2025,1016,2094,404,0,297.22,23
1739,9/14/2024,1192,2005,401,3,333.65,9
1740,9/19/2024,1105,2013,402,1,3319.66,27
1741,5/14/2025,1157,2079,402,3,2972.98,19
1742,10/4/2024,1145,2009,403,2,122.5,28
1744,10/23/2024,1097,2005,403,3,1381.39,29
1745,6/27/2024,1137,2071,404,2,1952.94,2
1746,1/13/2025,1020,2070,401,0,93.18,22
1747,1/15/2025,1034,2039,403,2,4993.88,16
1748,1/30/2025,1189,2078,404,3,1588.9,15
1749,9/15/2024,1020,2040,404,2,14.09,13
1750,11/19/2024,1196,2029,402,0,43.95,7
1751,3/14/2025,1103,2016,402,2,155.68,14
1752,11/3/2024,1155,2009,401,3,36.14,26
1753,8/12/2024,1195,2054,404,3,1104.51,20
1754,10/5/2024,1034,2023,403,0,4598.24,26
1755,4/9/2025,1064,2066,404,0,1959.89,4
1756,6/7/2024,1132,2061,404,1,204.31,27
1757,12/21/2024,1091,2001,403,3,1712.85,19
1758,1/9/2025,1037,2021,401,2,1531.46,6
1759,11/27/2024,1089,2093,404,0,733.19,29
1760,3/28/2025,1020,2022,403,1,1763.37,16
1761,10/23/2024,1068,2079,403,2,2602.51,8
1762,2/24/2025,1019,2035,402,3,2917.7,13
1763,3/7/2025,1125,2079,401,3,1593.03,11
1764,9/28/2024,1190,2023,401,3,4188.41,30
1765,4/26/2025,1003,2007,401,3,1662.07,26
1766,9/13/2024,1049,2039,402,1,4522.07,22
1767,10/12/2024,1020,2019,401,3,2773.2,9
1768,12/6/2024,1005,2029,403,2,69.85,11
1769,3/29/2025,1089,2060,402,0,1388.17,16
1770,3/3/2025,1171,2070,401,3,81.75,27
1771,9/13/2024,1098,2072,404,1,1540.45,26
1772,12/27/2024,1080,2089,402,0,926.36,20
1773,7/27/2024,1009,2093,404,1,1813.89,4
1774,4/1/2025,1151,2066,402,0,269.82,17
1775,1/12/2025,1007,2020,402,0,1136.24,13
1776,8/27/2024,1034,2001,402,0,1398.75,24
1777,11/1/2024,1029,2013,404,0,876.25,17
1778,9/28/2024,1023,2035,403,1,882.74,16
1779,12/6/2024,1032,2097,402,2,4920.99,22
1780,10/6/2024,1025,2035,401,3,515.79,24
1781,3/27/2025,1084,2075,404,0,1810.73,15
1785,12/17/2024,1005,2037,402,3,1233.52,26
1786,3/14/2025,1138,2071,401,3,191.66,7
1787,6/14/2024,1109,2091,401,3,3176.16,29
1788,7/23/2024,1033,2089,403,1,640.32,30
1789,7/4/2024,1194,2073,403,0,754.35,10
1790,12/6/2024,1030,2058,403,1,800.94,16
1791,8/16/2024,1116,2039,404,3,1232.23,13
1792,12/27/2024,1131,2057,401,2,764.56,9
1793,5/2/2025,1089,2047,404,0,1570.03,9
1794,7/23/2024,1036,2054,404,0,724.01,28
1795,1/5/2025,1089,2006,404,1,1735.81,18
1797,5/13/2025,1046,2041,404,1,826.2,14
1799,2/6/2025,1023,2054,401,3,991.43,3
1800,3/27/2025,1116,2095,401,1,1731.28,26
1802,6/7/2024,1065,2083,401,2,688.1,16
1803,9/27/2024,1036,2066,404,1,853.64,8
1804,7/26/2024,1120,2052,401,1,444.26,13
1806,3/10/2025,1103,2023,401,2,4467.42,18
1807,3/16/2025,1065,2030,403,1,167.93,3
1808,4/12/2025,1111,2079,404,1,4984.05,17
1809,4/24/2025,1128,2041,402,1,4916.29,5
1810,4/30/2025,1076,2017,401,0,916.45,18
1811,9/21/2024,1089,2042,403,3,1150.91,2
1812,2/20/2025,1034,2042,403,3,653.47,18
1813,6/13/2024,1026,2012,401,3,1885.74,5
1814,7/11/2024,1004,2041,404,0,1297.16,10
1815,1/6/2025,1158,2029,403,2,21.64,9
1816,8/13/2024,1066,2023,404,2,767.84,2
1817,8/5/2024,1179,2010,403,1,1864.48,11
1818,4/29/2025,1167,2075,403,2,600.91,23
1819,5/16/2025,1195,2024,402,0,1431.18,18
1821,1/27/2025,1020,2001,402,0,0,18
1823,5/1/2025,1167,2070,402,2,115.01,27
1825,12/20/2024,1164,2039,404,0,2240.86,28
1826,11/16/2024,1199,2030,404,1,1915.01,12
1828,3/4/2025,1085,2029,402,0,39.75,21
1829,10/30/2024,1100,2019,404,1,3324.81,6
1830,1/19/2025,1199,2035,403,0,3817.53,8
1831,6/14/2024,1005,2005,403,3,523.8,2
1832,8/2/2024,1022,2056,402,0,1372.76,12
1833,5/17/2025,1116,2070,404,1,93.08,4
1834,12/25/2024,1042,2029,402,1,133.86,29
1835,7/29/2024,1133,2041,404,0,1067.37,16
1836,4/29/2025,1089,2028,401,3,378.08,21
1837,1/12/2025,1169,2054,401,3,3588.78,28
1838,12/19/2024,1197,2079,402,2,866.99,22
1839,12/24/2024,1191,2060,402,0,1057.69,30
1840,2/10/2025,1197,2029,404,1,147.07,4
1841,12/28/2024,1032,2065,403,2,1331.85,4
1842,5/30/2025,1032,2013,402,2,3313.72,16
1843,4/4/2025,1116,2019,403,2,3790.14,19
1844,5/5/2025,1191,2079,403,1,3529.07,9
1845,2/22/2025,1032,2035,401,1,1090.4,5
1846,2/14/2025,1032,2013,402,1,3995.81,26
1847,7/25/2024,1089,2052,403,0,1658.51,21
1848,10/17/2024,1059,2056,404,3,237.11,7
1849,12/12/2024,1066,2083,402,0,1772.75,28
1850,1/31/2025,1120,2039,401,1,4801.04,8
1853,4/21/2025,1106,2050,404,0,1415.83,27
1854,5/8/2025,1005,2007,403,2,120.55,21
1855,5/20/2025,1050,2077,402,3,639.49,5
1856,12/27/2024,1071,2023,404,0,4858.96,25
1857,9/13/2024,1170,2054,403,1,2816.09,30
1858,12/6/2024,1010,2063,401,3,518.2,25
1859,10/4/2024,1021,2073,404,1,1619.75,18
1860,4/22/2025,1072,2023,403,2,1512.11,17
1862,12/10/2024,1095,2034,403,3,1149.25,18
1863,9/18/2024,1116,2091,403,2,2122.22,11
1864,9/7/2024,1120,2034,404,3,173.99,5
1866,10/12/2024,1158,2039,401,1,3181.75,14
1867,10/9/2024,1147,2038,404,1,1746.73,10
1868,9/21/2024,1066,2079,401,2,3504.64,2
1869,9/16/2024,1050,2023,404,2,4487.59,22
1870,8/28/2024,1115,2028,404,0,1308.95,17
1871,2/21/2025,1135,2021,402,0,1120.52,24
1872,7/10/2024,1071,2029,403,2,34.67,21
1873,4/23/2025,1117,2091,401,1,1236.2,28
1874,1/13/2025,1006,2052,403,1,917.18,30
1875,11/20/2024,1102,2052,402,0,1826.5,25
1877,12/7/2024,1009,2023,404,1,795.71,2
1878,8/16/2024,1049,2013,403,0,1479.28,17
1879,11/4/2024,1177,2023,401,1,2056.38,27
1880,2/10/2025,1100,2013,402,3,2047.86,29
1881,2/15/2025,1090,2084,402,1,1297.88,22
1883,2/3/2025,1056,2028,402,3,732.52,27
1884,6/15/2024,1012,2058,401,3,1586.43,5
1886,11/3/2024,1141,2097,402,3,4288.17,29
1887,11/15/2024,1067,2033,404,2,562.18,14
1888,7/31/2024,1055,2019,402,0,3894.72,29
1889,9/27/2024,1088,2085,402,1,1918.79,15
1890,11/6/2024,1158,2043,402,0,522.37,27
1891,4/25/2025,1122,2031,401,0,579.53,24
1892,1/30/2025,1026,2000,404,1,1902.07,17
1893,3/9/2025,1082,2019,402,1,757.99,28
1894,3/14/2025,1058,2092,404,3,1474.47,28
1895,3/16/2025,1089,2019,402,0,2426.54,8
1896,2/15/2025,1089,2040,401,0,62.64,6
1898,6/8/2024,1116,2009,404,0,20.26,14
1899,8/23/2024,1005,2079,404,3,3048.78,29
1901,7/26/2024,1172,2058,403,3,869.7,13
1902,9/6/2024,1053,2087,403,0,795.35,4
1904,4/5/2025,1124,2034,403,3,603.98,22
1905,6/3/2024,1116,2071,404,2,1536.9,24
1906,12/2/2024,1114,2039,401,1,2064.01,24
1907,2/2/2025,1089,2079,402,1,669.36,16
1908,2/24/2025,1144,2023,404,0,3044.45,5
1909,10/22/2024,1097,2035,401,3,1306.61,9
1910,10/19/2024,1116,2086,402,1,1713.98,2
1911,12/29/2024,1158,2072,403,2,857.2,16
1912,11/15/2024,1084,2037,402,2,1593.83,27
1913,10/2/2024,1071,2031,403,3,1171.09,10
1914,9/19/2024,1004,2086,402,0,1025.98,3
1915,7/24/2024,1185,2073,403,1,65.55,7
1916,4/25/2025,1033,2023,401,0,1856.11,17
1917,4/9/2025,1073,2052,403,1,295.04,3
1918,9/8/2024,1020,2038,404,1,485.72,12
1919,6/23/2024,1089,2019,402,3,2270.67,20
1920,10/21/2024,1100,2039,403,3,2999.2,3
1921,11/14/2024,1146,2008,403,2,1406.74,26
1923,8/18/2024,1171,2004,402,3,566.99,23
1924,8/25/2024,1020,2091,404,3,2931.23,18
1925,6/13/2024,1166,2029,403,0,122.66,24
1926,7/8/2024,1124,2036,401,1,639.09,7
1927,4/5/2025,1071,2046,401,2,57.37,4
1928,11/18/2024,1192,2020,402,1,505.86,11
1929,7/27/2024,1005,2013,402,0,1487.57,4
1930,9/13/2024,1017,2015,404,2,70.88,13
1931,4/11/2025,1032,2044,403,0,1301.42,27
1932,8/26/2024,1116,2094,403,1,472.73,28
1933,2/14/2025,1033,2097,403,0,3729.65,12
1934,5/17/2025,1033,2054,401,3,1665.25,20
1935,4/20/2025,1198,2060,404,2,1263.48,20
1936,4/2/2025,1046,2006,404,1,1844.97,5
1937,8/3/2024,1161,2097,401,2,4111.99,16
1938,12/23/2024,1098,2068,403,1,996.66,30
1939,1/3/2025,1196,2023,401,0,1036.52,12
1940,11/22/2024,1060,2088,404,0,1787.17,23
1941,4/26/2025,1012,2062,403,1,737.42,27
1942,12/23/2024,1064,2022,403,0,386.69,4
1943,7/29/2024,1099,2031,402,1,753.4,29
1944,9/26/2024,1005,2054,403,3,1365.61,4
1945,8/20/2024,1177,2025,402,2,1760.56,20
1948,3/15/2025,1065,2023,404,1,4449.42,2
1949,2/25/2025,1068,2091,404,1,2114.12,20
1950,8/3/2024,1102,2009,402,1,61.64,21
1951,2/18/2025,1020,2054,404,1,1921.12,6
1952,1/21/2025,1059,2059,402,1,1459.3,20
1953,1/21/2025,1010,2009,403,0,87.17,21
1955,8/31/2024,1016,2010,402,0,387.15,14
1956,7/3/2024,1130,2014,403,3,1094.78,17
1957,5/29/2025,1002,2039,401,2,763.19,27
1959,12/3/2024,1113,2061,402,2,1921.54,19
1960,1/9/2025,1102,2099,401,1,1334.08,19
1961,7/18/2024,1005,2022,401,0,174.73,16
1962,9/24/2024,1136,2019,403,0,4382.15,3
1963,11/18/2024,1104,2076,403,0,1051.69,5
1964,8/22/2024,1005,2079,404,1,780.75,24
1965,10/18/2024,1116,2024,404,0,0,30
1966,1/5/2025,1045,2097,402,0,2989.18,12
1968,8/8/2024,1111,2029,402,1,80.22,23
1969,4/24/2025,1052,2091,404,0,3357.5,26
1970,4/20/2025,1192,2051,402,0,1126.69,25
1971,5/20/2025,1066,2097,402,1,1185.6,21
1972,1/25/2025,1187,2044,402,0,684.47,21
1973,5/10/2025,1179,2091,404,0,3331.17,25
1974,10/26/2024,1001,2068,401,2,196.37,21
1975,7/24/2024,1104,2097,401,3,2899.58,8
1976,9/10/2024,1089,2022,401,1,784.9,19
1977,2/5/2025,1136,2021,403,0,924.02,26
1978,10/4/2024,1144,2020,403,2,1275.14,12
1979,6/5/2024,1076,2074,401,3,1253.82,4
1980,11/11/2024,1077,2091,404,0,3178.8,2
1981,10/3/2024,1065,2087,403,0,427.41,25
1982,12/28/2024,1077,2091,402,3,3334.61,8
1983,8/24/2024,1137,2013,404,0,1922.17,7
1984,3/17/2025,1005,2041,402,0,1127.93,19
1985,11/22/2024,1074,2007,401,1,1675.45,24
1986,10/22/2024,1071,2097,402,0,1873.05,11
1987,3/26/2025,1158,2060,403,0,861.19,10
1989,11/2/2024,1026,2099,403,0,1903.12,11
1990,11/1/2024,1020,2024,404,2,1160.49,15
1991,12/4/2024,1184,2083,401,1,1303.34,5
1993,5/15/2025,1153,2005,404,2,1139.32,7
1994,5/7/2025,1095,2013,404,1,4595.73,27
1995,12/28/2024,1122,2079,402,1,535.61,15
1996,9/6/2024,1165,2056,401,2,808.16,3
1997,12/13/2024,1083,2028,404,0,1644.67,11
1998,12/11/2024,1125,2017,403,2,374.14,16
1999,3/31/2025,1014,2035,404,1,4687.33,30
2000,6/29/2024,1120,2023,404,3,2912.32,5
2001,12/13/2024,1089,2091,403,1,3508.67,18
2002,8/10/2024,1035,2040,401,2,96.09,7
2003,11/18/2024,1034,2081,401,0,935.51,9
2004,9/19/2024,1089,2045,402,2,1589.47,21
2005,11/22/2024,1076,2073,404,2,1225.92,30
2006,6/15/2024,1034,2019,402,0,1578.41,16
2007,1/11/2025,1046,2004,404,1,1135.79,27
2008,10/19/2024,1032,2041,404,0,1050.02,26
2009,2/2/2025,1169,2054,402,0,3040.36,20
2010,7/15/2024,1122,2041,404,3,2205.05,28
2011,8/7/2024,1150,2039,402,3,3220.71,16
2012,9/13/2024,1110,2054,401,0,1004.74,24
2013,12/11/2024,1122,2013,402,2,3669.22,25
2014,12/13/2024,1133,2041,402,3,4720.47,17
2015,3/11/2025,1192,2085,404,3,1826.14,13
2016,10/26/2024,1125,2070,403,1,113.87,22
2017,4/5/2025,1116,2039,404,0,1846.58,19
2018,12/13/2024,1115,2059,401,2,562.25,2
2019,10/11/2024,1020,2026,404,1,812.88,22
2020,12/8/2024,1071,2026,403,0,1177.34,23
2021,12/28/2024,1137,2054,401,0,3277.38,20
2022,5/3/2025,1184,2021,401,0,338.22,14
2023,4/12/2025,1149,2054,401,2,2923.07,11
2024,6/9/2024,1191,2054,402,3,3849.86,28
2025,7/21/2024,1066,2097,402,3,3408.43,13
2026,10/5/2024,1005,2013,403,0,3727.3,17
2027,6/19/2024,1034,2091,402,2,4077.84,8
2028,12/10/2024,1005,2091,401,2,3198.13,29
2029,12/19/2024,1071,2007,401,2,1954.32,8
2030,4/5/2025,1093,2037,404,0,1728.51,30
2031,3/28/2025,1032,2045,403,0,615.85,12
2032,11/2/2024,1010,2065,402,1,1717.76,2
2033,12/13/2024,1196,2052,401,1,1066.42,30
2035,2/5/2025,1082,2026,403,2,567.92,3
2036,5/23/2025,1009,2097,401,1,1142.19,14
2037,11/10/2024,1130,2033,403,3,1522.21,9
2038,9/3/2024,1054,2073,404,0,834.16,16
2039,2/4/2025,1168,2080,401,1,1538.89,21
2040,9/21/2024,1116,2040,403,1,117.37,2
2041,12/12/2024,1034,2015,404,1,1937.28,29
2042,3/22/2025,1030,2096,404,2,1543.05,16
2043,6/15/2024,1053,2097,401,1,2494.34,15
2044,2/28/2025,1056,2027,404,3,1667.33,26
2045,7/11/2024,1154,2019,403,3,1338.3,30
2047,9/4/2024,1034,2045,404,0,595.02,11
2048,6/8/2024,1126,2090,403,1,773.9,26
2049,3/13/2025,1164,2039,404,2,3354.31,25
2050,7/31/2024,1139,2003,404,3,1737.82,24
2051,12/20/2024,1116,2063,403,1,566.78,8
2052,4/23/2025,1054,2019,401,0,1874.65,22
2053,12/9/2024,1005,2091,401,3,3437.59,2
2054,6/24/2024,1199,2039,403,1,4111.64,10
2057,7/8/2024,1008,2021,402,1,792.32,3
2058,6/18/2024,1019,2063,402,0,545.08,14
2059,4/16/2025,1071,2014,404,1,1985.98,24
2061,3/5/2025,1033,2023,401,0,1314.88,16
2062,5/1/2025,1021,2013,403,3,2635.07,22
2063,8/14/2024,1053,2053,403,1,967.13,5
2064,7/4/2024,1076,2003,402,2,750.23,11
2065,12/13/2024,1034,2019,401,0,2434.4,27
2066,4/19/2025,1179,2039,404,3,4587.35,24
2067,12/6/2024,1054,2007,401,2,554.69,30
2068,12/6/2024,1066,2014,401,1,636.51,16
2069,6/22/2024,1185,2098,402,1,1581.57,8
2070,5/24/2025,1068,2034,404,0,278.67,26
2071,12/20/2024,1081,2023,402,0,4990.42,30
2072,8/22/2024,1175,2018,401,2,?,3
2073,8/25/2024,1034,2097,404,2,4973.29,28
2074,11/20/2024,1156,2097,401,0,511.93,14
2075,12/21/2024,1023,2096,402,1,443.01,13
2076,11/21/2024,1172,2098,404,0,1106.47,8
2077,2/21/2025,1021,2070,404,2,15.69,8
2078,6/10/2024,1150,2087,402,0,1459.87,8
2079,9/8/2024,1024,2010,403,2,692.97,20
2080,7/29/2024,1079,2013,402,0,1415.54,13
2081,3/6/2025,1105,2054,404,2,4507.57,9
2083,2/15/2025,1180,2011,402,1,1213.1,14
2085,12/2/2024,1034,2045,402,1,483.42,2
2086,5/31/2025,1020,2039,401,1,1994.07,3
2087,12/14/2024,1017,2080,403,0,1739.24,9
2089,7/6/2024,1133,2019,401,1,4568.36,13
2090,12/19/2024,1160,2044,401,2,1444.89,25
2091,6/6/2024,1111,2028,403,0,645.65,23
2092,8/13/2024,1032,2028,403,0,221.82,28
2093,9/6/2024,1184,2080,402,2,340.36,18
2094,9/5/2024,1107,2079,402,2,3872.54,6
2095,7/23/2024,1046,2000,404,3,1867.17,7
2096,3/14/2025,1033,2019,404,3,2488.99,14
2097,4/11/2025,1159,2091,401,0,2127.23,10
2098,6/15/2024,1027,2038,404,1,660.75,26
2099,9/20/2024,1034,2046,404,0,57.08,17
2100,1/8/2025,1154,2045,402,1,829.36,23
2101,2/2/2025,1164,2098,401,3,1116.07,27
2102,7/5/2024,1071,2079,402,2,4050.3,17
2103,12/3/2024,1045,2067,403,3,1986.49,14
2104,11/7/2024,1004,2009,401,1,124.12,29
2105,10/26/2024,1020,2023,402,0,729.31,30
2106,12/28/2024,1108,2035,404,3,763.04,5
2107,8/7/2024,1051,2091,401,2,559.43,9
2108,9/29/2024,1029,2091,401,3,2996.49,3
2109,6/20/2024,1161,2019,403,0,1662.67,7
2110,12/21/2024,1162,2067,403,0,200.23,17
2112,1/26/2025,1133,2060,402,0,962.5,20
2113,5/13/2025,1034,2065,401,3,351.53,30
2114,4/25/2025,1194,2049,403,0,996.07,3
2115,4/4/2025,1005,2013,401,2,3531.81,12
2117,9/27/2024,1034,2079,402,0,671.23,5
2118,5/30/2025,1195,2045,404,3,1611.65,10
2119,1/30/2025,1111,2015,402,2,1882.23,22
2120,5/12/2025,1034,2052,403,3,986.67,14
2121,6/5/2024,1034,2083,403,1,463.17,16
2122,2/28/2025,1071,2036,403,1,637.78,10
2124,10/29/2024,1195,2070,404,3,44.31,4
2125,1/23/2025,1084,2097,401,2,1033.21,27
2126,3/5/2025,1107,2023,404,3,1050.26,23
2127,11/25/2024,1082,2014,402,0,1819.83,15
2128,10/11/2024,1071,2097,404,2,1196.44,12
2129,4/10/2025,1195,2076,404,3,626.49,6
2130,9/27/2024,1094,2054,404,0,2486.94,25
2131,6/13/2024,1032,2079,403,3,3385.48,29
2132,9/3/2024,1015,2091,403,1,3993.43,20
2133,4/22/2025,1018,2064,403,1,365.9,17
2134,8/10/2024,1192,2067,404,3,1056.58,12
2135,9/30/2024,1005,2017,401,3,330.44,13
2136,5/13/2025,1180,2054,402,3,3612.33,15
2137,10/22/2024,1005,2060,401,0,1058.17,4
2138,5/9/2025,1151,2022,401,2,556.43,9
2139,10/18/2024,1116,2073,404,2,926.28,29
2140,5/15/2025,1080,2054,404,3,4468.26,27
2141,12/3/2024,1065,2019,401,2,1314.17,26
2143,8/1/2024,1066,2047,404,0,257.89,17
2144,8/8/2024,1040,2069,403,2,838.09,30
2145,12/15/2024,1116,2054,401,1,4543.2,27
2146,2/28/2025,1145,2001,401,2,825.17,15
2147,12/1/2024,1005,2009,404,0,122.87,13
2148,7/5/2024,1114,2005,403,0,436.65,16
2149,8/16/2024,1046,2041,404,0,2482.56,15
2150,12/18/2024,1110,2071,401,0,1524.65,28
2151,10/10/2024,1089,2078,403,1,488.49,24
2152,11/22/2024,1032,2019,402,0,1499.94,9
2153,1/15/2025,1197,2054,401,3,2536.53,2
2154,1/11/2025,1116,2070,403,1,47.07,14
2155,2/28/2025,1005,2000,404,0,1015.57,22
2156,10/24/2024,1005,2097,401,0,4290.82,24
2157,8/10/2024,1116,2047,403,1,595.01,29
2158,12/13/2024,1149,2023,403,1,529.52,8
2159,8/9/2024,1010,2054,403,0,4481.31,22
2160,9/1/2024,1084,2087,401,3,1635.66,11
2161,3/23/2025,1053,2096,402,1,530.27,24
2162,5/3/2025,1033,2097,401,1,4242.44,26
2163,3/15/2025,1023,2039,401,2,2267.7,20
2164,4/30/2025,1157,2013,401,3,838.64,9
2165,11/22/2024,1071,2013,404,2,3048.61,11
2166,4/27/2025,1025,2023,404,1,2175.7,4
2167,2/16/2025,1005,2035,404,3,962.99,25
2170,10/19/2024,1089,2040,401,1,99.58,8
2171,9/30/2024,1012,2056,404,3,558.81,26
2172,12/28/2024,1020,2019,401,1,1644.68,29
2173,3/20/2025,1138,2075,402,0,1108.33,11
2174,11/30/2024,1162,2073,402,1,1198.38,23
2175,5/27/2025,1024,2079,401,3,3494.8,9
2176,5/17/2025,1133,2070,403,1,85.81,19
2177,5/23/2025,1111,2061,402,1,1040.43,12
2178,11/4/2024,1116,2027,403,0,813.99,3
2179,12/16/2024,1089,2019,402,3,4473.15,12
2180,9/30/2024,1005,2041,402,0,1262.87,30
2181,8/7/2024,1022,2039,402,0,3448.06,13
2183,3/31/2025,1089,2023,401,2,584.43,26
2184,9/4/2024,1066,2031,403,1,630.86,17
2185,11/23/2024,1071,2000,401,0,329.95,16
2186,11/29/2024,1005,2019,404,0,2461.67,29
2188,8/22/2024,1113,2084,402,0,1741.33,20
2189,8/22/2024,1003,2079,403,0,1848.52,23
2190,5/10/2025,1099,2040,401,1,74.95,17
2191,1/18/2025,1092,2053,401,1,1228.59,22
2192,8/14/2024,1071,2008,404,2,1123.43,23
2193,6/8/2024,1032,2072,402,1,378.97,15
2194,12/17/2024,1068,2009,404,2,119.33,9
2195,3/19/2025,1099,2057,401,2,770.96,14
2196,9/1/2024,1035,2072,401,3,1055.65,25
2197,2/22/2025,1167,2013,403,2,1908.29,9
2198,2/25/2025,1023,2035,402,0,646.26,26
2199,3/13/2025,1019,2079,401,3,1821.2,22
2201,3/1/2025,1089,2032,404,1,806.01,23
2202,9/5/2024,1017,2038,401,0,340.85,11
2203,11/26/2024,1147,2001,403,3,1683.37,9
2206,8/26/2024,1120,2015,402,1,1781.31,28
2207,11/26/2024,1071,2078,401,3,1038.78,16
2208,10/11/2024,1084,2005,404,1,448.48,4
2209,1/28/2025,1032,2003,403,2,1695.49,7
2212,6/27/2024,1116,2086,401,1,1042.49,11
2213,12/30/2024,1145,2020,404,1,679.57,5
2214,4/20/2025,1071,2058,401,2,384.65,19
2215,12/23/2024,1071,2075,402,0,512.94,6
2216,10/10/2024,1163,2002,401,3,1988.07,12
2218,8/7/2024,1059,2065,403,1,1409.88,20
2219,3/14/2025,1189,2097,401,0,2196.07,15
2220,1/10/2025,1173,2097,401,2,3114.13,21
2221,2/16/2025,1066,2029,404,0,141.17,6
2223,1/10/2025,1016,2051,402,3,1320,9
2224,3/8/2025,1134,2009,401,2,35.74,23
2225,1/12/2025,1022,2097,401,0,4480.51,27
2226,11/1/2024,1032,2016,401,1,518.21,3
2227,7/20/2024,1116,2053,402,2,475.77,9
2228,3/21/2025,1166,2041,403,3,865.5,9
2229,6/6/2024,1169,2018,403,2,1213.51,27
2230,12/23/2024,1039,2058,403,1,569.21,30
2231,11/19/2024,1180,2039,404,3,?,6
2232,5/3/2025,1096,2040,401,1,69.49,2
2233,12/3/2024,1032,2099,403,1,1662.78,11
2234,9/20/2024,1130,2015,403,3,535.1,22
2235,10/26/2024,1102,2025,402,0,1623.25,15
2236,12/27/2024,1135,2074,401,2,994.97,28
2237,5/1/2025,1044,2013,403,3,4825.61,2
2238,12/18/2024,1005,2009,404,3,134.96,25
2239,10/29/2024,1153,2019,402,3,2299.18,25
2241,8/10/2024,1064,2031,401,1,1219.01,17
2242,8/3/2024,1034,2019,403,3,1160.57,5
2243,12/30/2024,1017,2039,402,2,3038.1,26
2244,8/30/2024,1071,2073,404,3,1203.3,17
2245,12/13/2024,1171,2020,402,0,1940.76,21
2246,1/13/2025,1116,2035,401,3,2426.48,12
2247,5/11/2025,1020,2079,404,0,4357.88,10
2248,11/6/2024,1034,2054,402,0,2338.21,16
2249,7/13/2024,1146,2046,402,2,10.94,15
2250,9/10/2024,1125,2023,403,0,2669.73,15
2251,12/31/2024,1024,2091,404,1,4957.61,15
2252,10/18/2024,1066,2097,402,1,4249.97,7
2253,2/26/2025,1184,2035,404,3,1842.21,14
2254,8/16/2024,1079,2091,403,0,2720.22,26
2255,6/12/2024,1136,2016,402,0,1775.47,19
2256,2/2/2025,1082,2039,401,0,3596.28,17
2257,4/10/2025,1022,2030,402,2,735.77,23
2258,8/19/2024,1154,2071,403,2,1496.88,13
2259,2/20/2025,1082,2057,403,3,535.31,18
2261,3/31/2025,1020,2040,401,0,44.81,4
2262,5/5/2025,1038,2097,401,3,1221.43,28
2263,5/10/2025,1061,2069,404,2,1402.08,28
2264,6/9/2024,1138,2079,403,2,4555.83,6
2265,9/23/2024,1153,2035,402,3,749.72,5
2266,8/17/2024,1076,2013,401,3,2775.15,6
2267,5/20/2025,1010,2005,401,0,1459.63,25
2268,2/3/2025,1072,2010,401,1,788.22,9
2269,7/11/2024,1141,2009,403,3,102.14,28
2270,7/17/2024,1008,2091,402,2,4572.43,11
2271,1/27/2025,1069,2035,403,0,3555.03,10
2272,1/28/2025,1071,2019,403,0,3075.33,3
2273,2/20/2025,1107,2062,404,1,400.61,26
2274,10/10/2024,1096,2046,402,1,20.31,10
2276,6/21/2024,1013,2005,404,3,773.38,11
2277,7/25/2024,1164,2079,403,0,1473.6,7
2278,6/20/2024,1116,2035,401,1,1680.32,16
2279,8/5/2024,1032,2072,404,2,268.62,17
2281,5/3/2025,1075,2032,403,1,607.37,9
2282,12/16/2024,1177,2054,402,0,3337.8,16
2283,7/20/2024,1099,2040,402,2,65.74,24
2284,11/7/2024,1152,2047,402,3,1413.85,6
2285,10/30/2024,1005,2079,402,3,547.18,10
2286,11/19/2024,1193,2051,401,2,172.63,12
2288,5/15/2025,1024,2009,403,0,35.09,6
2290,2/27/2025,1089,2059,401,3,1870.47,3
2291,7/5/2024,1134,2068,404,2,839,4
2292,8/28/2024,1031,2024,403,3,1357.58,13
2293,11/22/2024,1001,2059,401,1,1403.43,28
2294,4/7/2025,1022,2031,401,0,369.69,23
2295,12/27/2024,1061,2023,404,1,4992.31,21
2296,11/6/2024,1047,2017,403,1,1872.8,9
2297,4/25/2025,1158,2083,402,3,511.68,5
2298,5/9/2025,1089,2005,402,1,233.15,13
2299,2/1/2025,1005,2029,402,2,144.61,10
2300,12/1/2024,1116,2001,404,2,690.1,28
2301,9/18/2024,1099,2091,403,0,4817.29,30
2302,7/22/2024,1005,2031,402,1,893.37,5
2303,1/3/2025,1032,2059,404,0,1465.65,14
2305,12/17/2024,1005,2042,403,2,610.94,11
2306,2/19/2025,1032,2038,401,3,1367.03,26
2307,4/15/2025,1194,2021,404,1,1855.71,20
2308,4/5/2025,1040,2013,402,1,3480.62,25
2309,10/21/2024,1103,2033,404,2,571.17,6
2310,12/26/2024,1053,2035,404,2,3191.71,21
2311,7/4/2024,1180,2004,403,0,1214.57,30
2312,3/21/2025,1005,2055,403,1,1951.95,3
2313,9/14/2024,1033,2097,401,0,1797.42,22
2314,5/9/2025,1034,2019,402,3,4944.7,10
2315,4/18/2025,1071,2067,403,2,1784.53,26
2318,9/27/2024,1012,2009,402,2,61.81,18
2320,1/31/2025,1145,2049,402,1,1719.82,24
2321,4/11/2025,1051,2015,401,0,324.38,15
2322,7/6/2024,1001,2054,403,3,2328.58,6
2323,9/21/2024,1133,2041,403,2,2084.29,11
2325,3/15/2025,1135,2037,401,3,547.94,25
2326,7/15/2024,1020,2033,401,3,59.63,8
2328,3/28/2025,1186,2013,402,0,1842.35,13
2329,5/10/2025,1071,2052,401,2,1104.09,30
2330,2/22/2025,1020,2027,403,0,894.85,12
2331,6/29/2024,1152,2073,404,2,348.07,15
2332,9/18/2024,1005,2067,401,0,740.18,27
2333,3/8/2025,1125,2097,401,3,4790.03,18
2334,12/20/2024,1086,2080,401,3,?,2
2335,2/14/2025,1037,2005,402,2,1220.91,17
2336,3/6/2025,1071,2002,404,2,493.35,28
2337,12/18/2024,1117,2068,404,2,271.67,10
2338,10/4/2024,1108,2087,402,1,674,9
2339,1/10/2025,1178,2035,401,1,3949.04,25
2340,8/9/2024,1007,2046,404,2,68.8,11
2341,11/28/2024,1053,2091,402,3,4295.41,9
2342,8/28/2024,1174,2019,401,1,1160.07,18
2343,10/31/2024,1087,2053,401,1,947.33,8
2344,7/31/2024,1030,2064,401,1,1374.65,20
2346,11/23/2024,1082,2009,404,2,93.07,20
2347,7/4/2024,1139,2087,401,1,179.3,20
2348,12/22/2024,1154,2039,403,3,4220.48,14
2349,8/26/2024,1131,2026,401,0,827.26,27
2350,8/2/2024,1174,2019,401,2,2962.32,9
2351,3/22/2025,1005,2097,401,1,619.49,19
2352,3/30/2025,1005,2097,401,0,1093.8,4
2353,11/28/2024,1116,2077,402,3,1234.57,29
2354,11/20/2024,1089,2091,403,3,4023.23,8
2355,4/13/2025,1048,2046,401,3,24.22,28
2356,8/10/2024,1055,2054,403,2,4572.81,21
2357,10/21/2024,1134,2077,402,2,656.8,6
2358,5/25/2025,1026,2039,401,3,3431.3,5
2359,2/7/2025,1058,2041,401,3,3325.03,19
2360,11/2/2024,1136,2095,401,3,928.15,25
2361,11/18/2024,1116,2041,403,2,4893.47,30
2362,12/20/2024,1194,2098,404,3,1638.09,5
2363,6/29/2024,1116,2061,402,1,742.38,12
2364,5/13/2025,1180,2076,402,1,817.33,24
2365,12/17/2024,1181,2039,401,2,3478.5,8
2366,1/10/2025,1058,2041,401,2,2061.32,28
2367,2/23/2025,1149,2049,401,1,1599.68,19
2368,4/7/2025,1099,2019,403,2,3426.36,26
2369,5/4/2025,1189,2078,401,3,?,22
2370,6/7/2024,1116,2019,404,0,4742.56,24
2371,4/24/2025,1020,2085,404,0,547.53,23
2372,12/18/2024,1115,2023,402,2,4986.14,24
2373,5/22/2025,1007,2054,403,0,3406.14,22
2374,11/1/2024,1029,2024,404,3,1505.2,13
2375,5/29/2025,1019,2054,404,2,4775.58,2
2376,6/14/2024,1032,2035,403,0,4948.55,25
2377,2/18/2025,1141,2079,404,0,4389.1,26
2378,12/29/2024,1162,2046,401,0,39.58,17
2379,3/11/2025,1117,2046,403,2,123.26,27
2380,3/25/2025,1005,2023,404,2,3392.81,22
2381,4/25/2025,1091,2020,402,3,1767.56,6
2383,10/16/2024,1053,2034,403,2,828.69,20
2384,7/29/2024,1137,2013,403,1,797.47,13
2385,5/6/2025,1187,2010,403,2,436.05,20
2386,10/21/2024,1032,2059,403,1,65.75,12
2387,6/7/2024,1062,2083,404,1,1080.26,27
2388,10/27/2024,1066,2068,404,0,1185.48,27
2389,10/10/2024,1064,2091,404,0,566.52,23
2390,3/20/2025,1032,2039,404,2,1079.93,26
2391,3/5/2025,1104,2083,401,3,1330.26,5
2392,9/8/2024,1018,2033,402,1,114.82,29
2393,8/16/2024,1005,2082,403,0,1835.25,2
2394,7/27/2024,1024,2023,401,3,1917.67,11
2395,9/13/2024,1144,2019,404,1,3830.85,10
2396,7/29/2024,1116,2013,403,1,1292.45,2
2397,10/26/2024,1034,2039,401,0,1652.12,5
2398,10/3/2024,1066,2023,403,3,1025.35,10
2399,8/28/2024,1020,2046,403,1,80.08,5
2400,9/29/2024,1156,2000,402,3,571.86,27
